,t1,sl,pt
2009-10-02 09:29:12,2009-10-05 09:30:01,,
2009-10-02 10:34:44,2009-10-05 09:30:01,,
2009-10-05 09:51:42,2009-10-06 09:54:55,2009-10-05 14:56:12,
2009-10-05 14:46:54,2009-10-06 14:47:35,,2009-10-06 09:41:28
2009-10-06 09:41:28,2009-10-07 09:42:07,,
2009-10-08 09:29:16,2009-10-09 09:31:01,,
2009-10-12 09:29:50,2009-10-13 09:30:00,,
2009-10-14 09:29:46,2009-10-15 09:30:38,,
2009-10-15 15:57:59,2009-10-16 15:58:00,2009-10-16 09:56:15,
2009-10-16 09:56:15,2009-10-19 09:16:58,,
2009-10-19 10:46:44,2009-10-20 10:46:46,,
2009-10-20 12:07:27,2009-10-21 12:08:39,,
2009-10-21 15:22:58,2009-10-22 15:23:14,,2009-10-21 15:59:21
2009-10-21 15:56:08,2009-10-22 15:57:16,2009-10-22 14:38:02,
2009-10-22 14:05:53,2009-10-23 14:07:26,2009-10-23 14:07:26,
2009-10-23 10:46:18,2009-10-26 09:29:46,,
2009-10-23 15:38:31,2009-10-26 09:29:46,,
2009-10-26 09:46:52,2009-10-27 09:49:25,,2009-10-26 11:31:48
2009-10-26 11:31:32,2009-10-27 11:33:44,2009-10-26 12:04:20,
2009-10-26 12:04:20,2009-10-27 12:04:42,,
2009-10-27 13:34:55,2009-10-28 13:35:37,,2009-10-28 12:42:14
2009-10-28 10:00:03,2009-10-29 10:00:05,,2009-10-28 15:39:21
2009-10-28 15:14:02,2009-10-29 15:14:30,2009-10-29 11:01:17,
2009-10-29 10:03:37,2009-10-30 10:04:39,2009-10-29 14:41:21,
2009-10-29 14:36:51,2009-10-30 14:39:45,2009-10-30 11:37:06,
2009-10-30 10:32:31,2009-11-02 09:29:48,,2009-10-30 12:27:38
2009-10-30 11:57:03,2009-11-02 09:29:48,,2009-10-30 15:05:36
2009-10-30 12:49:06,2009-11-02 09:29:48,,
2009-11-02 09:55:19,2009-11-03 09:56:59,,2009-11-02 12:52:05
2009-11-02 12:33:20,2009-11-03 12:35:47,,
2009-11-02 13:00:19,2009-11-03 13:00:44,2009-11-02 15:36:23,
2009-11-02 14:46:18,2009-11-03 14:46:31,,
2009-11-03 14:10:07,2009-11-04 14:13:06,,2009-11-04 10:02:47
2009-11-04 09:30:44,2009-11-05 09:31:50,,
2009-11-04 14:30:55,2009-11-05 14:32:19,,2009-11-05 13:48:34
2009-11-04 15:43:52,2009-11-05 15:46:09,2009-11-05 10:46:53,
2009-11-05 09:50:48,2009-11-06 09:53:07,,
2009-11-06 09:45:34,2009-11-09 09:30:47,,
2009-11-09 09:30:47,2009-11-10 09:34:45,,2009-11-09 13:40:02
2009-11-09 13:40:02,2009-11-10 13:41:49,,
2009-11-11 09:57:56,2009-11-12 09:58:04,,
2009-11-12 11:30:43,2009-11-13 11:31:57,,
2009-11-16 09:30:10,2009-11-17 09:30:32,2009-11-16 14:04:07,
2009-11-16 14:04:07,2009-11-17 14:07:35,,
2009-11-19 09:36:51,2009-11-20 09:37:00,,
2009-11-23 09:30:00,2009-11-24 09:30:00,,
2009-11-24 09:53:21,2009-11-25 09:56:33,,
2009-11-27 09:30:04,2009-11-30 09:31:01,,2009-11-27 10:03:07
2009-11-27 10:03:07,2009-11-30 09:31:01,,
2009-11-30 11:36:32,2009-12-01 11:39:16,2009-12-01 09:33:28,
2009-12-01 09:33:28,2009-12-02 09:37:47,,
2009-12-02 10:13:32,2009-12-03 10:13:35,,
2009-12-03 09:40:34,2009-12-04 09:40:34,2009-12-03 15:44:01,
2009-12-03 15:26:02,2009-12-04 15:29:33,,2009-12-04 09:41:04
2009-12-04 09:30:01,2009-12-07 09:31:05,,2009-12-04 11:45:02
2009-12-04 11:30:06,2009-12-07 09:31:05,,
2009-12-07 09:35:21,2009-12-08 09:36:01,,2009-12-08 09:30:44
2009-12-08 09:30:44,2009-12-09 09:31:26,,
2009-12-10 09:30:01,2009-12-11 09:30:49,,
2009-12-11 15:31:59,2009-12-14 09:32:18,,
2009-12-17 09:30:00,2009-12-18 09:30:10,,
2009-12-22 09:42:33,2009-12-23 09:42:42,,
2010-02-05 09:36:36,2010-02-08 09:31:22,,2010-02-05 13:35:32
2010-02-05 12:53:19,2010-02-08 09:31:22,2010-02-05 15:58:47,
2010-02-05 13:43:50,2010-02-08 09:31:22,2010-02-05 15:07:46,
2010-02-05 15:07:06,2010-02-08 09:31:22,2010-02-05 15:59:31,
2010-02-05 15:59:31,2010-02-08 09:31:22,,
2010-02-08 15:48:48,2010-02-09 15:48:57,,2010-02-09 11:53:52
2010-02-09 09:30:01,2010-02-10 09:30:01,,
2010-02-09 11:53:28,2010-02-10 11:57:06,,
2010-02-10 09:31:11,2010-02-11 09:33:45,,
2010-02-10 13:14:23,2010-02-11 13:17:35,,
2010-02-11 09:47:53,2010-02-12 09:50:31,,2010-02-11 11:44:02
2010-02-11 11:44:02,2010-02-12 11:49:33,,2010-02-12 09:40:01
2010-02-12 09:30:00,2010-02-16 09:30:02,,2010-02-16 09:30:02
2010-02-12 12:17:13,2010-02-16 09:30:02,,
2010-02-16 09:30:02,2010-02-17 09:30:25,,2010-02-17 09:30:25
2010-02-16 15:31:13,2010-02-17 15:34:47,,
2010-02-18 14:28:21,2010-02-19 14:29:12,,
2010-02-19 12:27:14,2010-02-22 09:30:01,,
2010-02-23 10:10:56,2010-02-24 10:11:27,,
2010-02-24 10:45:39,2010-02-25 10:46:32,2010-02-25 09:30:00,
2010-02-25 09:30:00,2010-02-26 09:31:43,,2010-02-25 15:09:30
2010-02-25 14:00:01,2010-02-26 14:00:47,,
2010-02-26 15:25:26,2010-03-01 09:31:18,,
2010-05-05 10:24:45,2010-05-06 10:24:47,,
2010-05-06 14:11:28,2010-05-07 14:12:13,,2010-05-06 14:36:39
2010-05-06 14:22:01,2010-05-07 14:23:07,,2010-05-06 14:40:21
2010-05-06 14:37:39,2010-05-07 14:37:56,2010-05-06 15:48:31,2010-05-06 14:43:05
2010-05-06 14:43:05,2010-05-07 14:43:22,2010-05-06 15:04:57,2010-05-06 14:44:39
2010-05-06 14:44:39,2010-05-07 14:45:52,2010-05-06 15:02:58,2010-05-06 14:45:12
2010-05-06 14:45:12,2010-05-07 14:45:52,2010-05-06 14:45:35,2010-05-06 14:47:24
2010-05-06 14:45:35,2010-05-07 14:45:52,2010-05-06 15:02:58,2010-05-06 14:45:40
2010-05-06 14:45:40,2010-05-07 14:45:52,2010-05-06 14:58:57,2010-05-06 14:47:24
2010-05-06 14:46:44,2010-05-07 14:48:33,2010-05-06 14:58:57,2010-05-06 14:47:24
2010-05-06 14:47:24,2010-05-07 14:48:33,2010-05-06 14:58:57,2010-05-06 14:48:37
2010-05-06 14:48:37,2010-05-07 14:50:01,2010-05-06 14:58:45,2010-05-06 14:48:52
2010-05-06 14:48:52,2010-05-07 14:50:01,2010-05-06 14:54:03,2010-05-06 14:49:03
2010-05-06 14:49:03,2010-05-07 14:50:01,2010-05-06 14:53:58,2010-05-06 14:53:44
2010-05-06 14:53:44,2010-05-07 14:54:29,2010-05-06 14:53:58,2010-05-06 14:55:32
2010-05-06 14:53:58,2010-05-07 14:54:29,2010-05-06 14:54:03,2010-05-06 14:55:32
2010-05-06 14:54:03,2010-05-07 14:54:29,2010-05-06 14:54:25,2010-05-06 14:54:10
2010-05-06 14:54:10,2010-05-07 14:54:29,2010-05-06 14:54:25,2010-05-06 14:55:32
2010-05-06 14:54:25,2010-05-07 14:54:29,2010-05-06 14:58:57,2010-05-06 14:55:32
2010-05-06 14:55:32,2010-05-07 14:57:06,2010-05-06 14:57:58,
2010-05-06 14:57:58,2010-05-07 14:58:17,2010-05-06 14:58:07,
2010-05-06 14:58:07,2010-05-07 14:58:17,2010-05-06 14:58:23,
2010-05-06 14:58:23,2010-05-07 14:58:36,2010-05-06 14:58:35,
2010-05-06 14:58:35,2010-05-07 14:58:36,2010-05-06 14:58:45,
2010-05-06 14:58:45,2010-05-07 14:59:22,2010-05-06 14:58:57,2010-05-06 15:00:38
2010-05-06 14:58:57,2010-05-07 14:59:22,2010-05-06 15:09:07,2010-05-06 14:59:12
2010-05-06 14:59:12,2010-05-07 14:59:22,2010-05-06 15:02:25,2010-05-06 14:59:20
2010-05-06 14:59:20,2010-05-07 14:59:22,2010-05-06 15:02:00,2010-05-06 15:00:38
2010-05-06 15:00:38,2010-05-07 15:00:48,2010-05-06 15:00:56,
2010-05-06 15:00:56,2010-05-07 15:01:30,2010-05-06 15:02:00,
2010-05-06 15:02:00,2010-05-07 15:02:23,2010-05-06 15:02:25,
2010-05-06 15:02:25,2010-05-07 15:03:04,2010-05-06 15:10:20,
2010-05-06 15:10:20,2010-05-07 15:10:46,,2010-05-07 10:28:12
2010-05-06 15:48:31,2010-05-07 15:48:35,2010-05-07 10:26:20,
2010-05-07 10:24:41,2010-05-10 09:29:54,2010-05-10 09:29:54,
2010-05-07 11:17:07,2010-05-10 09:29:54,2010-05-10 09:29:54,
2010-07-01 10:00:15,2010-07-02 10:01:56,,
2010-07-27 09:30:37,2010-07-28 09:31:03,,
2010-08-24 10:00:06,2010-08-25 10:00:07,,
2010-09-03 09:35:52,2010-09-07 09:30:02,,
2010-10-05 10:01:11,2010-10-06 10:03:21,,
2010-11-04 09:30:00,2010-11-05 09:30:01,,
2010-11-12 13:21:29,2010-11-15 09:30:00,,
2010-11-16 11:45:28,2010-11-17 11:47:34,,
2010-11-29 09:56:23,2010-11-30 09:57:44,,
2010-12-01 10:00:04,2010-12-02 10:00:05,,
2010-12-03 15:45:34,2010-12-06 09:30:13,,
2010-12-10 13:45:59,2010-12-13 09:32:25,,
2010-12-22 09:31:45,2010-12-23 09:31:57,,
2011-01-03 10:06:31,2011-01-04 10:08:55,,
2011-01-12 09:30:05,2011-01-13 09:30:56,,
2011-01-19 14:57:29,2011-01-20 15:01:28,,
2011-01-21 09:44:38,2011-01-24 09:31:00,,
2011-01-26 10:29:22,2011-01-27 10:35:00,,
2011-01-28 11:33:56,2011-01-31 09:30:00,,
2011-02-01 09:30:47,2011-02-02 09:32:00,,2011-02-01 13:00:51
2011-02-01 13:03:42,2011-02-02 13:06:44,,
2011-02-07 09:30:01,2011-02-08 09:30:04,,
2011-02-10 10:02:05,2011-02-11 10:03:54,,
2011-02-11 11:02:53,2011-02-14 09:29:59,,
2011-02-16 10:35:59,2011-02-17 10:39:47,,
2011-02-18 11:20:42,2011-02-22 09:30:02,,
2011-02-22 09:30:02,2011-02-23 09:30:14,2011-02-22 13:24:30,
2011-02-22 12:13:09,2011-02-23 12:13:15,,2011-02-23 12:05:09
2011-02-23 11:58:29,2011-02-24 12:00:42,,
2011-02-24 12:08:41,2011-02-25 12:11:32,2011-02-25 10:01:54,
2011-02-24 15:23:55,2011-02-25 15:25:10,,
2011-02-25 14:17:45,2011-02-28 09:30:31,,
2011-02-28 10:22:15,2011-03-01 10:25:43,,
2011-03-01 10:30:16,2011-03-02 10:30:16,2011-03-02 09:29:59,
2011-03-01 14:08:05,2011-03-02 14:10:38,,
2011-03-03 09:30:00,2011-03-04 09:30:52,,
2011-03-04 11:58:43,2011-03-07 09:30:12,,
2011-03-07 09:40:29,2011-03-08 09:40:34,,2011-03-07 11:46:07
2011-03-07 11:35:26,2011-03-08 11:46:19,,
2011-03-08 10:13:56,2011-03-09 10:16:31,,
2011-03-11 09:28:56,2011-03-14 09:30:00,2011-03-11 11:43:40,
2011-03-11 11:43:40,2011-03-14 09:30:00,,
2011-03-14 09:30:00,2011-03-15 09:30:01,2011-03-15 09:29:59,
2011-03-15 09:29:59,2011-03-16 09:30:55,2011-03-15 10:24:00,
2011-03-15 10:30:13,2011-03-16 10:32:13,2011-03-15 15:23:20,
2011-03-15 15:06:04,2011-03-16 15:06:41,2011-03-16 11:01:35,
2011-03-16 09:40:50,2011-03-17 09:41:13,2011-03-16 14:01:05,
2011-03-16 11:01:46,2011-03-17 11:06:12,,2011-03-16 14:12:12
2011-03-16 13:38:38,2011-03-17 13:39:20,2011-03-17 09:29:59,
2011-03-16 14:19:58,2011-03-17 14:21:57,2011-03-16 14:40:27,
2011-03-16 14:40:27,2011-03-17 14:46:39,2011-03-17 09:29:59,
2011-03-17 09:29:59,2011-03-18 09:30:00,,2011-03-18 09:30:00
2011-03-18 09:30:00,2011-03-21 09:30:05,,
2011-03-21 09:30:05,2011-03-22 09:31:33,,
2011-03-23 09:38:18,2011-03-24 09:39:04,,
2011-03-23 15:14:13,2011-03-24 15:15:45,,
2011-03-28 09:56:14,2011-03-29 09:59:36,,2011-03-29 09:46:30
2011-08-03 13:44:31,2011-08-04 13:45:15,,2011-08-04 09:30:56
2011-08-04 09:30:56,2011-08-05 09:31:00,2011-08-04 11:00:33,
2011-08-04 10:45:45,2011-08-05 10:48:45,,2011-08-04 11:47:38
2011-08-04 11:46:39,2011-08-05 11:47:02,,2011-08-04 15:31:30
2011-08-04 12:33:42,2011-08-05 12:34:15,,2011-08-04 14:14:08
2011-08-04 14:13:22,2011-08-05 14:15:11,,2011-08-04 15:48:15
2011-08-04 15:31:04,2011-08-05 15:31:23,,2011-08-05 08:19:43
2011-08-04 15:53:44,2011-08-05 15:53:44,2011-08-05 08:30:30,2011-08-05 11:15:54
2011-08-05 08:30:30,2011-08-08 09:30:03,,2011-08-05 09:17:02
2011-08-05 09:17:02,2011-08-08 09:30:03,2011-08-05 09:31:00,2011-08-05 11:15:26
2011-08-05 09:31:00,2011-08-08 09:30:03,,2011-08-05 09:53:06
2011-08-05 09:51:35,2011-08-08 09:30:03,,2011-08-05 10:00:28
2011-08-05 10:00:28,2011-08-08 09:30:03,2011-08-05 10:24:32,2011-08-05 11:57:08
2011-08-05 10:24:32,2011-08-08 09:30:03,,2011-08-05 11:11:12
2011-08-05 11:11:12,2011-08-08 09:30:03,2011-08-05 12:47:13,2011-08-05 11:55:51
2011-08-05 11:49:26,2011-08-08 09:30:03,2011-08-05 12:17:21,2011-08-08 09:30:03
2011-08-05 12:13:53,2011-08-08 09:30:03,2011-08-05 12:39:18,2011-08-08 09:30:03
2011-08-05 12:39:18,2011-08-08 09:30:03,2011-08-05 13:55:16,2011-08-08 09:30:03
2011-08-05 12:50:14,2011-08-08 09:30:03,2011-08-05 15:06:53,
2011-08-05 13:55:16,2011-08-08 09:30:03,2011-08-05 15:03:29,
2011-08-05 15:03:29,2011-08-08 09:30:03,2011-08-08 09:30:03,
2011-08-08 09:30:03,2011-08-09 09:30:20,2011-08-08 09:37:59,2011-08-08 12:20:31
2011-08-08 09:37:59,2011-08-09 09:38:07,,2011-08-08 10:16:17
2011-08-08 10:16:17,2011-08-09 10:17:37,,2011-08-08 10:37:56
2011-08-08 10:37:56,2011-08-09 10:39:36,2011-08-08 11:13:25,2011-08-08 13:58:50
2011-08-08 11:13:25,2011-08-09 11:16:25,,2011-08-08 12:19:13
2011-08-08 12:19:13,2011-08-09 12:22:12,,2011-08-08 13:46:22
2011-08-08 13:46:22,2011-08-09 13:48:45,,2011-08-08 14:23:43
2011-08-08 14:18:23,2011-08-09 14:18:39,2011-08-08 15:16:11,
2011-08-08 14:25:50,2011-08-09 14:25:52,2011-08-08 14:34:03,
2011-08-08 14:34:03,2011-08-09 14:34:57,2011-08-08 15:18:08,
2011-08-08 15:16:11,2011-08-09 15:16:40,,2011-08-08 15:43:41
2011-08-08 15:35:54,2011-08-09 15:36:53,2011-08-09 14:40:23,
2011-08-09 09:30:00,2011-08-10 09:30:01,2011-08-09 15:48:52,2011-08-09 14:21:49
2011-08-09 09:43:15,2011-08-10 09:44:24,2011-08-09 10:01:24,2011-08-09 14:42:06
2011-08-09 10:01:24,2011-08-10 10:01:35,2011-08-09 15:53:41,2011-08-09 14:21:49
2011-08-09 14:08:14,2011-08-10 14:08:14,2011-08-09 14:40:23,2011-08-09 15:45:39
2011-08-09 14:21:28,2011-08-10 14:22:27,2011-08-09 15:18:02,2011-08-09 14:42:06
2011-08-09 14:41:09,2011-08-10 14:41:46,2011-08-09 15:11:04,
2011-08-09 14:51:39,2011-08-10 14:52:17,2011-08-09 15:18:02,
2011-08-09 15:11:10,2011-08-10 15:11:33,2011-08-09 15:42:48,
2011-08-09 15:42:48,2011-08-10 15:44:02,2011-08-09 15:58:34,2011-08-10 10:11:20
2011-08-09 15:58:34,2011-08-10 15:58:45,2011-08-10 09:31:10,
2011-08-10 09:30:01,2011-08-11 09:31:00,2011-08-10 10:01:07,
2011-08-10 10:01:07,2011-08-11 10:01:41,2011-08-10 15:58:45,2011-08-10 14:08:14
2011-08-10 13:47:52,2011-08-11 13:53:46,2011-08-11 12:58:40,2011-08-10 15:53:43
2011-08-10 15:08:36,2011-08-11 15:09:23,2011-08-10 15:57:13,2011-08-11 12:49:07
2011-08-10 15:55:58,2011-08-11 15:56:15,2011-08-11 09:36:12,
2011-08-11 09:33:36,2011-08-12 09:33:46,2011-08-11 10:51:08,
2011-08-11 10:23:51,2011-08-12 10:25:31,2011-08-11 12:58:40,
2011-08-11 12:57:45,2011-08-12 12:57:48,,2011-08-11 15:32:37
2011-08-11 15:06:20,2011-08-12 15:11:37,,
2011-08-12 09:34:10,2011-08-15 09:30:35,2011-08-12 15:33:42,
2011-08-15 09:44:07,2011-08-16 09:46:34,,
2011-08-16 13:07:55,2011-08-17 13:08:02,2011-08-17 09:36:00,
2011-08-17 09:36:00,2011-08-18 09:36:36,2011-08-18 09:30:25,
2011-08-17 13:42:06,2011-08-18 13:43:00,2011-08-18 09:30:25,
2011-08-18 09:30:25,2011-08-19 09:30:41,,2011-08-18 10:06:16
2011-08-18 10:06:16,2011-08-19 10:06:34,,
2011-08-19 09:30:41,2011-08-22 09:30:06,2011-08-19 10:17:33,
2011-08-19 10:17:33,2011-08-22 09:30:06,,2011-08-19 15:09:49
2011-08-19 14:06:38,2011-08-22 09:30:06,,
2011-08-22 09:30:06,2011-08-23 09:31:15,,2011-08-22 11:20:55
2011-08-22 11:20:55,2011-08-23 11:21:28,,
2011-08-23 11:49:03,2011-08-24 11:49:40,,2011-08-24 09:54:01
2011-08-24 09:44:00,2011-08-25 09:44:00,,2011-08-25 09:26:08
2011-08-25 09:26:08,2011-08-26 09:30:19,2011-08-25 10:50:15,
2011-08-25 10:22:42,2011-08-26 10:22:52,2011-08-26 09:45:09,
2011-08-26 09:40:15,2011-08-29 09:30:00,2011-08-26 12:02:05,
2011-08-26 10:46:28,2011-08-29 09:30:00,2011-08-29 09:30:00,
2011-08-26 13:42:31,2011-08-29 09:30:00,,
2011-08-29 09:30:00,2011-08-30 09:32:43,,
2011-08-30 15:34:49,2011-08-31 15:38:28,,
2011-09-01 14:23:28,2011-09-02 14:30:30,,2011-09-02 09:30:30
2011-09-02 09:30:30,2011-09-06 09:08:15,,2011-09-06 09:08:15
2011-09-06 09:08:15,2011-09-07 09:26:46,2011-09-06 15:59:25,
2011-09-06 14:18:17,2011-09-07 14:18:38,2011-09-07 09:50:39,
2011-09-07 09:26:46,2011-09-08 09:30:00,,
2011-09-08 11:01:02,2011-09-09 11:02:00,2011-09-09 09:30:23,
2011-09-09 09:30:23,2011-09-12 09:30:01,,2011-09-12 09:30:01
2011-09-09 12:35:54,2011-09-12 09:30:01,,
2011-09-12 13:36:41,2011-09-13 13:38:46,2011-09-12 15:54:38,
2011-09-12 15:54:38,2011-09-13 15:56:55,,
2011-09-14 13:21:26,2011-09-15 13:30:30,,2011-09-15 10:05:56
2011-09-15 10:05:56,2011-09-16 10:06:27,,
2011-09-16 09:35:07,2011-09-19 09:30:57,2011-09-19 09:30:57,
2011-09-19 09:30:57,2011-09-20 09:31:27,,
2011-09-20 10:49:20,2011-09-21 10:50:48,,
2011-09-21 10:50:48,2011-09-22 10:50:48,,2011-09-21 15:50:59
2011-09-21 15:40:21,2011-09-22 15:40:34,,2011-09-22 09:30:00
2011-09-22 09:30:00,2011-09-23 09:30:12,,
2011-09-22 15:23:15,2011-09-23 15:23:26,2011-09-23 11:24:03,
2011-09-23 11:24:03,2011-09-26 09:30:39,,
2011-09-26 15:18:52,2011-09-27 15:21:02,,2011-09-27 09:30:06
2011-09-27 09:30:06,2011-09-28 09:32:29,,
2011-09-28 10:45:50,2011-09-29 10:46:03,,
2011-09-28 15:50:20,2011-09-29 15:50:37,2011-09-29 09:48:31,
2011-09-29 09:45:07,2011-09-30 09:45:21,,2011-09-29 15:02:43
2011-09-29 14:14:40,2011-09-30 14:15:57,,
2011-09-30 15:51:35,2011-10-03 09:30:04,,
2011-10-03 13:01:19,2011-10-04 13:01:21,,2011-10-04 09:29:56
2011-10-04 09:29:56,2011-10-05 09:30:00,2011-10-04 15:44:49,
2011-10-04 12:04:18,2011-10-05 12:06:38,,2011-10-04 15:58:01
2011-10-04 15:44:12,2011-10-05 15:46:56,2011-10-05 09:30:00,
2011-10-05 09:30:00,2011-10-06 09:30:00,,
2011-10-05 15:37:38,2011-10-06 15:37:51,,
2011-10-06 14:23:44,2011-10-07 14:25:06,,
2011-10-10 09:32:49,2011-10-11 09:33:10,,
2011-10-12 09:44:03,2011-10-13 09:46:14,,
2011-10-13 09:51:57,2011-10-14 09:52:48,,
2011-10-14 09:34:13,2011-10-17 09:30:00,,
2011-10-18 09:57:05,2011-10-19 10:00:27,2011-10-18 14:10:50,
2011-10-18 14:12:32,2011-10-19 14:12:37,,
2011-10-20 11:01:04,2011-10-21 11:02:03,2011-10-21 09:30:09,
2011-10-21 09:30:09,2011-10-24 09:31:15,,
2011-10-24 13:48:16,2011-10-25 13:51:24,,
2011-10-25 15:51:32,2011-10-26 15:52:00,,
2011-10-27 09:30:10,2011-10-28 09:30:40,,
2011-10-27 15:26:38,2011-10-28 15:28:33,,
2011-10-31 09:30:39,2011-11-01 09:30:57,,2011-11-01 09:27:36
2011-11-01 09:27:36,2011-11-02 09:30:01,,
2011-11-02 10:47:39,2011-11-03 10:48:44,,
2011-11-03 13:51:07,2011-11-04 13:52:29,,
2011-11-08 09:30:06,2011-11-09 09:30:41,,
2011-11-09 09:30:00,2011-11-10 09:31:49,,
2011-11-11 09:30:00,2011-11-14 09:33:29,,
2011-11-15 11:23:45,2011-11-16 11:32:23,,
2011-11-16 15:35:00,2011-11-17 15:36:02,,2011-11-17 14:26:04
2011-11-17 12:40:53,2011-11-18 12:41:10,,
2011-11-21 09:30:10,2011-11-22 09:31:07,,
2011-11-23 09:30:00,2011-11-25 09:31:54,,
2011-11-28 09:30:00,2011-11-29 09:30:04,,
2011-11-30 09:30:00,2011-12-01 09:30:00,,
2011-12-02 09:29:59,2011-12-05 09:30:00,,
2011-12-06 15:14:46,2011-12-07 15:16:14,,
2011-12-08 11:10:37,2011-12-09 11:13:07,,
2011-12-09 11:34:23,2011-12-12 09:30:07,,
2011-12-12 10:20:07,2011-12-13 10:23:18,,
2011-12-13 15:28:23,2011-12-14 15:30:10,,
2011-12-19 11:39:56,2011-12-20 11:42:14,2011-12-20 09:43:10,
2011-12-20 09:30:00,2011-12-21 09:30:00,,
2011-12-21 15:14:14,2011-12-22 15:15:42,,
2011-12-23 12:34:56,2011-12-27 09:30:01,,
2011-12-28 11:36:58,2011-12-29 11:37:55,,
2012-01-03 09:30:30,2012-01-04 09:31:02,,
2012-01-05 13:47:43,2012-01-06 13:50:46,,
2012-01-10 09:30:00,2012-01-11 09:30:00,,
2012-01-13 10:21:33,2012-01-17 09:07:45,2012-01-17 09:07:45,
2012-01-17 09:07:45,2012-01-18 09:30:00,,
2012-01-18 15:26:39,2012-01-19 15:31:58,,
2012-01-23 09:56:28,2012-01-24 09:58:17,,
2012-01-24 09:37:07,2012-01-25 09:38:09,,
2012-01-25 15:40:59,2012-01-26 15:42:05,,
2012-01-26 14:25:33,2012-01-27 14:26:55,,
2012-01-30 09:30:51,2012-01-31 09:32:13,,
2012-01-31 09:32:13,2012-02-01 09:34:26,,
2012-02-01 09:30:23,2012-02-02 09:31:23,,
2012-02-03 09:30:45,2012-02-06 09:31:50,,
2012-02-08 10:22:26,2012-02-09 10:22:34,,
2012-02-10 09:31:13,2012-02-13 09:29:58,,
2012-02-13 14:41:01,2012-02-14 14:42:52,,
2012-02-14 15:23:38,2012-02-15 15:23:57,,
2012-02-16 11:45:18,2012-02-17 11:45:47,,
2012-02-21 10:36:07,2012-02-22 10:36:40,,
2012-02-22 11:46:39,2012-02-23 11:57:16,,
2012-02-27 09:40:46,2012-02-28 09:43:24,2012-02-27 12:50:19,
2012-02-27 12:50:19,2012-02-28 12:52:33,,
2012-02-29 16:00:01,2012-03-01 16:00:04,,
2012-03-05 09:50:34,2012-03-06 09:50:55,,2012-03-06 09:32:12
2012-03-06 09:30:32,2012-03-07 09:32:45,,
2012-03-07 11:40:54,2012-03-08 11:48:27,,
2012-03-08 12:05:42,2012-03-09 12:06:12,,
2012-03-13 09:30:00,2012-03-14 09:30:50,2012-03-13 15:15:00,
2012-03-13 15:13:29,2012-03-14 15:14:37,,
2012-03-14 10:09:58,2012-03-15 10:10:54,,
2012-03-15 12:46:34,2012-03-16 12:47:33,,
2012-03-19 13:43:52,2012-03-20 13:50:17,2012-03-20 09:30:00,
2012-03-20 09:30:00,2012-03-21 09:31:36,,
2012-03-22 09:30:16,2012-03-23 09:30:26,,
2012-03-26 09:30:00,2012-03-27 09:30:00,,
2012-03-28 09:46:14,2012-03-29 09:53:16,,
2012-03-28 11:55:20,2012-03-29 11:57:22,,
2012-03-29 09:57:40,2012-03-30 09:58:52,2012-03-30 09:31:12,
2012-03-30 09:31:12,2012-04-02 09:30:00,,
2012-04-10 11:12:03,2012-04-11 11:19:52,,2012-04-10 13:19:17
2012-04-10 13:19:17,2012-04-11 13:23:36,2012-04-11 09:32:11,
2012-04-11 09:32:11,2012-04-12 09:32:50,,
2012-04-12 10:34:00,2012-04-13 10:34:32,,
2012-04-13 10:25:16,2012-04-16 09:30:14,,
2012-04-17 09:30:12,2012-04-18 09:31:44,,
2012-04-17 12:48:31,2012-04-18 12:55:16,,
2012-04-19 10:10:33,2012-04-20 10:18:52,,
2012-04-19 14:31:34,2012-04-20 14:34:14,2012-04-20 10:36:35,
2012-06-04 11:47:29,2012-06-05 11:54:28,2012-06-05 10:26:05,
2012-06-05 09:58:57,2012-06-06 10:00:29,2012-06-06 09:30:47,
2012-06-06 09:30:47,2012-06-07 09:34:08,,2012-06-06 11:50:31
2012-06-06 11:13:55,2012-06-07 11:19:12,,2012-06-07 09:30:06
2012-06-07 09:30:06,2012-06-08 09:31:13,2012-06-07 15:50:47,
2012-06-07 15:43:04,2012-06-08 15:45:08,,
2012-06-08 12:50:22,2012-06-11 09:30:00,2012-06-11 09:30:00,
2012-06-11 09:30:00,2012-06-12 09:30:48,2012-06-11 10:48:04,
2012-06-11 10:26:56,2012-06-12 10:28:27,2012-06-11 15:55:17,
2012-06-11 15:50:45,2012-06-12 15:51:19,2012-06-12 15:43:50,
2012-06-12 14:35:18,2012-06-13 14:35:36,,
2012-06-13 12:45:13,2012-06-14 12:57:30,2012-06-13 15:18:44,
2012-06-13 15:18:44,2012-06-14 15:19:13,2012-06-14 13:06:08,
2012-06-14 10:56:30,2012-06-15 11:03:52,2012-06-15 09:30:55,
2012-06-15 09:30:55,2012-06-18 08:44:12,,
2012-06-19 10:16:30,2012-06-20 10:17:36,,
2012-06-20 12:32:32,2012-06-21 12:35:47,2012-06-20 13:08:42,
2012-06-20 13:08:42,2012-06-21 13:19:41,,2012-06-20 15:19:09
2012-06-20 15:19:09,2012-06-21 15:21:56,2012-06-21 13:49:51,
2012-06-21 14:11:06,2012-06-22 14:19:40,,
2012-06-25 09:30:08,2012-06-26 09:30:44,,
2012-06-26 14:09:34,2012-06-27 14:12:23,,
2012-06-27 12:05:11,2012-06-28 12:05:18,2012-06-28 10:35:32,
2012-06-28 09:32:24,2012-06-29 09:35:34,,2012-06-29 09:30:35
2012-06-28 15:33:58,2012-06-29 15:36:50,2012-06-29 09:30:35,
2012-06-29 09:30:35,2012-07-02 09:30:42,,
2012-07-02 09:31:45,2012-07-03 09:43:33,,
2012-07-03 10:40:46,2012-07-05 09:30:26,,
2012-07-05 10:06:56,2012-07-06 10:09:59,,
2012-07-06 09:31:55,2012-07-09 09:30:28,,
2012-07-10 09:38:42,2012-07-11 09:39:04,,2012-07-10 13:38:23
2012-07-10 13:38:23,2012-07-11 13:40:22,,
2012-07-12 09:32:08,2012-07-13 09:37:20,,
2012-07-13 09:37:20,2012-07-16 09:30:00,2012-07-13 15:03:34,
2012-07-13 15:03:34,2012-07-16 09:30:00,,
2012-07-17 10:45:38,2012-07-18 10:45:44,2012-07-17 12:30:58,
2012-07-17 12:30:58,2012-07-18 12:56:33,2012-07-18 12:18:37,
2012-07-18 12:10:16,2012-07-19 12:14:15,,
2012-07-20 09:30:16,2012-07-23 09:29:54,,2012-07-23 09:29:54
2012-07-23 09:29:54,2012-07-24 09:31:15,,
2012-07-23 15:30:37,2012-07-24 15:32:22,,2012-07-24 11:38:23
2012-07-24 11:38:23,2012-07-25 11:38:57,,
2012-07-25 09:32:07,2012-07-26 09:35:06,2012-07-26 09:35:06,
2012-07-26 09:35:06,2012-07-27 09:43:00,,
2012-07-27 09:31:21,2012-07-30 09:43:08,,2012-07-27 13:30:21
2012-07-27 13:27:04,2012-07-30 09:43:08,,
2012-08-01 14:14:08,2012-08-02 14:16:48,2012-08-02 11:22:30,
2012-08-02 09:30:05,2012-08-03 09:36:21,2012-08-03 09:30:00,
2012-08-02 11:39:54,2012-08-03 11:40:38,2012-08-03 09:30:00,
2012-08-03 09:30:00,2012-08-06 09:35:17,,
2012-08-06 09:46:58,2012-08-07 10:00:08,,
2012-08-09 09:43:50,2012-08-10 09:44:07,,
2013-06-20 14:51:32,2013-06-21 14:54:01,,
2013-06-21 09:34:36,2013-06-24 09:30:00,,2013-06-21 11:27:38
2013-06-21 11:27:38,2013-06-24 09:30:00,2013-06-21 15:14:08,
2013-06-21 13:17:11,2013-06-24 09:30:00,2013-06-24 09:30:00,
2013-06-24 09:30:00,2013-06-25 09:30:31,,
2013-06-24 14:06:01,2013-06-25 14:06:11,,
2013-06-25 12:34:04,2013-06-26 12:34:27,,
2013-06-27 09:30:19,2013-06-28 09:30:25,,
2013-06-28 09:59:01,2013-07-01 09:30:29,,
2013-07-01 10:01:09,2013-07-02 10:01:18,,
2013-07-02 14:18:40,2013-07-05 09:29:59,,
2013-07-05 09:29:59,2013-07-08 09:31:45,,2013-07-08 09:31:45
2013-07-05 15:56:18,2013-07-08 09:31:45,,
2013-07-08 10:04:05,2013-07-09 10:06:07,,
2013-07-09 12:42:45,2013-07-10 12:46:34,,
2014-10-16 13:38:26,2014-10-17 13:38:51,,2014-10-17 11:11:46
2014-10-17 09:30:00,2014-10-20 09:30:00,,
2014-10-20 15:06:24,2014-10-21 15:07:00,,2014-10-21 10:45:57
2014-10-21 10:26:06,2014-10-22 10:26:57,,2014-10-22 09:53:04
2014-10-22 11:12:31,2014-10-23 11:12:51,,
2014-10-23 10:54:18,2014-10-24 10:54:39,,
2014-10-28 09:31:07,2014-10-29 09:32:22,,
2014-10-29 09:32:22,2014-10-30 09:32:57,,
2014-10-29 14:15:18,2014-10-30 14:39:01,2014-10-30 13:19:20,
2014-10-30 13:15:13,2014-10-31 13:15:20,,2014-10-31 09:30:00
2014-10-31 09:30:00,2014-11-03 09:30:00,,
2014-12-18 15:31:01,2014-12-19 15:31:28,,2014-12-19 14:48:00
2014-12-19 14:46:32,2014-12-22 09:30:00,,
2014-12-23 10:08:28,2014-12-24 10:14:04,,
2015-01-06 11:01:45,2015-01-07 11:03:51,,
2015-01-06 13:21:38,2015-01-07 13:23:17,2015-01-06 15:22:51,
2015-01-06 15:22:51,2015-01-07 15:23:06,,
2015-01-07 10:04:41,2015-01-08 10:05:36,,2015-01-08 09:48:21
2015-01-08 09:30:00,2015-01-09 09:30:00,2015-01-08 11:04:24,
2015-01-08 11:05:53,2015-01-09 11:06:04,,
2015-01-09 10:40:17,2015-01-12 09:30:00,,
2015-01-12 09:38:01,2015-01-13 09:38:28,,
2015-01-13 09:30:00,2015-01-14 09:30:00,,2015-01-13 13:32:37
2015-01-13 13:21:46,2015-01-14 13:23:27,,2015-01-13 13:54:06
2015-01-13 13:54:06,2015-01-14 13:55:37,,2015-01-14 11:33:19
2015-01-14 09:30:00,2015-01-15 09:30:00,,
2015-01-14 13:40:42,2015-01-15 13:41:13,2015-01-14 15:17:54,
2015-01-14 14:32:41,2015-01-15 14:34:49,,
2015-01-15 12:36:45,2015-01-16 12:37:14,,
2015-01-16 10:58:19,2015-01-20 09:26:31,,
2015-01-20 09:26:31,2015-01-21 09:30:00,,
2015-01-20 11:03:32,2015-01-21 11:03:39,2015-01-21 10:47:08,
2015-02-03 14:01:01,2015-02-04 14:02:24,,
2015-02-05 10:38:37,2015-02-06 10:40:28,,
2015-02-06 10:40:28,2015-02-09 09:30:00,2015-02-09 09:30:00,
2015-02-09 09:30:00,2015-02-10 09:30:00,,
2015-02-10 14:58:16,2015-02-11 14:58:32,,
2015-08-24 09:30:23,2015-08-25 09:30:24,2015-08-24 09:31:30,2015-08-24 09:30:26
2015-08-24 09:30:26,2015-08-25 09:31:13,2015-08-24 09:31:22,2015-08-24 09:30:47
2015-08-24 09:30:47,2015-08-25 09:31:13,2015-08-24 09:31:22,
2015-08-24 09:31:22,2015-08-25 09:32:32,2015-08-24 09:31:30,2015-08-24 09:34:14
2015-08-24 09:31:30,2015-08-25 09:32:32,2015-08-24 09:31:33,2015-08-24 09:31:37
2015-08-24 09:31:33,2015-08-25 09:32:32,2015-08-24 09:41:11,2015-08-24 09:31:37
2015-08-24 09:31:37,2015-08-25 09:32:32,2015-08-24 09:32:16,2015-08-24 09:34:14
2015-08-24 09:32:16,2015-08-25 09:32:32,2015-08-24 09:36:18,2015-08-24 09:34:14
2015-08-24 09:34:14,2015-08-25 09:34:40,2015-08-24 09:35:19,
2015-08-24 09:35:19,2015-08-25 09:35:31,2015-08-24 09:36:18,2015-08-24 09:35:31
2015-08-24 09:35:31,2015-08-25 09:35:31,2015-08-24 09:35:40,
2015-08-24 09:35:40,2015-08-25 09:35:59,2015-08-24 09:35:52,
2015-08-24 09:35:52,2015-08-25 09:35:59,2015-08-24 09:36:18,
2015-08-24 09:36:18,2015-08-25 09:36:27,2015-08-24 09:38:53,
2015-08-24 09:38:53,2015-08-25 09:39:23,2015-08-24 09:43:23,
2015-08-24 09:42:52,2015-08-25 09:42:56,2015-08-24 10:20:46,
2015-08-24 09:53:12,2015-08-25 09:53:23,2015-08-24 10:11:17,
2015-08-24 10:03:31,2015-08-25 10:05:27,2015-08-24 11:52:14,
2015-08-24 10:23:15,2015-08-25 10:24:36,,2015-08-24 14:52:27
2015-08-24 11:52:59,2015-08-25 11:53:18,2015-08-24 14:48:10,
2015-08-24 13:59:13,2015-08-25 14:00:17,,2015-08-24 14:58:26
2015-08-24 14:55:02,2015-08-25 14:56:34,2015-08-24 15:45:53,
2015-08-24 15:45:15,2015-08-25 15:45:17,2015-08-25 15:43:38,2015-08-25 09:30:09
2015-08-25 09:30:00,2015-08-26 09:30:00,2015-08-25 15:31:53,
2015-08-25 13:26:17,2015-08-26 13:27:02,,2015-08-25 15:44:05
2015-08-25 15:33:03,2015-08-26 15:33:30,2015-08-26 15:19:40,
2015-08-25 15:59:03,2015-08-26 15:59:10,2015-08-26 08:36:59,
2015-08-26 08:36:59,2015-08-27 09:30:00,2015-08-27 09:30:00,2015-08-26 11:40:06
2015-08-26 11:35:42,2015-08-27 11:36:33,2015-08-26 15:07:55,
2015-08-26 14:44:29,2015-08-27 14:44:35,,2015-08-27 09:30:00
2015-08-27 09:30:00,2015-08-28 09:30:00,,
2015-08-28 10:28:52,2015-08-31 09:30:00,,
2015-09-01 09:30:00,2015-09-02 09:30:00,,
2015-09-01 15:43:58,2015-09-02 15:44:17,2015-09-02 09:30:00,
2015-09-02 09:30:00,2015-09-03 09:30:00,,
2015-09-03 09:40:01,2015-09-04 09:40:01,,
2015-09-04 09:30:00,2015-09-08 09:30:00,,
2015-09-08 09:30:00,2015-09-09 09:30:00,,
2015-09-09 09:30:00,2015-09-10 09:30:00,2015-09-09 15:30:41,
2015-09-09 14:43:51,2015-09-10 14:43:53,,
2015-09-15 13:25:27,2015-09-16 13:27:18,,
2015-09-17 14:00:01,2015-09-18 14:00:12,2015-09-18 09:30:00,
2015-09-17 15:23:16,2015-09-18 15:23:42,,2015-09-18 15:18:06
2015-09-18 09:30:00,2015-09-21 09:30:00,,
2015-09-22 09:30:00,2015-09-23 09:30:00,,
2015-09-24 09:44:04,2015-09-25 09:44:36,,
2015-09-25 13:07:49,2015-09-28 09:30:00,,
2015-09-28 09:31:08,2015-09-29 09:32:23,2015-09-28 14:15:19,
2015-09-28 14:05:51,2015-09-29 14:06:48,,
2015-09-30 09:30:00,2015-10-01 09:30:00,,
2015-10-01 09:31:56,2015-10-02 09:32:24,2015-10-01 12:05:32,
2015-10-01 12:02:24,2015-10-02 12:06:24,,
2015-10-02 09:32:24,2015-10-05 09:30:00,,2015-10-02 12:31:20
2015-10-02 12:31:02,2015-10-05 09:30:00,,2015-10-02 15:59:18
2015-10-02 15:38:12,2015-10-05 09:30:00,,
2015-10-05 09:36:01,2015-10-06 09:39:47,,
2015-10-07 09:30:00,2015-10-08 09:30:00,,
2015-10-08 14:01:23,2015-10-09 14:01:37,,
2015-10-14 09:33:49,2015-10-15 09:35:22,,
2015-10-15 14:18:46,2015-10-16 14:18:58,,
2015-10-22 09:50:19,2015-10-23 09:51:54,2015-10-23 07:31:38,
2015-10-23 07:31:38,2015-10-26 09:30:00,,
2015-10-27 09:33:32,2015-10-28 09:33:46,,
2015-10-28 10:42:46,2015-10-29 10:43:15,,
2015-10-28 15:48:48,2015-10-29 15:51:39,,
2015-11-02 14:26:35,2015-11-03 14:29:43,,
2015-11-05 10:29:36,2015-11-06 10:30:12,,
2015-11-09 10:20:53,2015-11-10 10:22:34,,
2015-11-12 15:50:10,2015-11-13 15:51:20,,
2015-11-13 18:23:56,2015-11-16 09:30:00,,
2015-11-16 09:40:52,2015-11-17 09:42:23,2015-11-17 09:30:00,
2015-11-16 14:35:16,2015-11-17 14:37:03,,
2015-11-17 11:33:59,2015-11-18 11:34:15,,
2015-11-18 14:07:43,2015-11-19 14:09:15,,
2015-11-20 09:40:48,2015-11-23 09:30:00,,
2015-12-11 15:16:24,2015-12-14 09:30:00,,
2015-12-14 10:28:06,2015-12-15 10:28:31,2015-12-15 09:30:00,
2015-12-16 09:30:29,2015-12-17 09:32:04,,
2015-12-16 14:57:19,2015-12-17 14:58:06,,
2015-12-17 10:51:59,2015-12-18 10:52:05,,2015-12-18 09:30:10
2015-12-18 09:30:00,2015-12-21 09:30:00,,2015-12-18 15:22:50
2015-12-18 15:56:11,2015-12-21 09:30:00,,
2015-12-22 09:30:00,2015-12-23 09:30:00,,2015-12-23 09:30:00
2015-12-22 15:05:00,2015-12-23 15:05:54,,2015-12-23 10:52:44
2015-12-23 10:35:14,2015-12-24 10:35:34,,
2015-12-28 09:30:00,2015-12-29 09:30:00,,
2015-12-29 09:30:53,2015-12-30 09:35:19,,
2015-12-31 09:30:00,2016-01-04 09:30:00,,2016-01-04 09:30:00
2016-01-04 09:30:00,2016-01-05 09:30:00,,
2016-01-04 15:58:26,2016-01-05 15:58:57,,
2016-01-06 09:30:00,2016-01-07 09:30:00,2016-01-07 09:30:00,
2016-01-06 14:58:51,2016-01-07 14:59:01,,2016-01-07 09:30:00
2016-01-07 09:30:00,2016-01-08 09:30:00,,2016-01-07 11:53:49
2016-01-07 11:53:49,2016-01-08 11:54:08,2016-01-07 11:55:48,
2016-01-07 11:55:48,2016-01-08 11:56:12,2016-01-07 14:34:21,
2016-01-07 14:34:21,2016-01-08 14:35:38,,
2016-01-08 11:26:40,2016-01-11 09:30:00,,
2016-01-08 15:41:19,2016-01-11 09:30:00,,
2016-01-11 12:26:41,2016-01-12 12:30:45,2016-01-12 09:30:00,
2016-01-11 15:32:42,2016-01-12 15:33:18,,2016-01-12 09:45:50
2016-01-12 09:30:00,2016-01-13 09:30:00,2016-01-12 11:25:25,
2016-01-12 10:46:16,2016-01-13 10:47:36,,2016-01-13 09:34:10
2016-01-12 15:22:20,2016-01-13 15:22:37,2016-01-13 13:39:45,
2016-01-13 10:33:34,2016-01-14 10:33:35,2016-01-13 13:45:46,
2016-01-13 12:51:11,2016-01-14 12:51:18,,2016-01-13 14:33:08
2016-01-13 14:32:50,2016-01-14 14:33:26,2016-01-14 10:33:35,
2016-01-14 10:24:50,2016-01-15 10:25:47,2016-01-14 13:22:11,2016-01-15 09:30:00
2016-01-14 13:10:32,2016-01-15 13:12:27,2016-01-15 09:30:00,
2016-01-15 09:30:00,2016-01-19 09:29:59,2016-01-19 09:29:59,
2016-01-15 12:20:05,2016-01-19 09:29:59,2016-01-19 09:29:59,
2016-01-15 14:54:46,2016-01-19 09:29:59,,
2016-01-19 09:30:12,2016-01-20 09:30:57,2016-01-19 14:07:23,
2016-01-19 13:54:25,2016-01-20 13:54:33,,2016-01-20 09:30:00
2016-01-19 15:47:16,2016-01-20 15:47:17,2016-01-20 09:30:00,
2016-01-20 09:30:00,2016-01-21 09:30:00,2016-01-20 10:56:54,
2016-01-20 10:33:03,2016-01-21 10:33:23,2016-01-20 15:18:24,2016-01-20 12:27:45
2016-01-20 12:28:08,2016-01-21 12:29:15,2016-01-20 13:44:20,
2016-01-20 13:44:58,2016-01-21 13:45:32,,2016-01-20 15:21:18
2016-01-20 15:18:24,2016-01-21 15:18:27,,2016-01-21 12:02:23
2016-01-21 10:44:07,2016-01-22 10:44:16,,2016-01-22 09:55:46
2016-01-22 09:30:00,2016-01-25 09:30:00,,
2016-01-25 15:14:20,2016-01-26 15:14:40,,
2016-01-26 10:36:46,2016-01-27 10:37:18,,
2016-01-27 11:45:37,2016-01-28 11:45:47,2016-01-27 15:02:36,
2016-01-27 14:57:52,2016-01-28 14:57:58,,
2016-01-28 09:30:00,2016-01-29 09:30:00,,
2016-01-28 10:34:00,2016-01-29 10:34:49,2016-01-29 09:32:52,
2016-01-29 09:31:37,2016-02-01 09:30:00,,2016-01-29 15:25:19
2016-01-29 15:26:37,2016-02-01 09:30:00,,
2016-02-01 15:29:25,2016-02-02 15:29:51,2016-02-02 09:30:00,
2016-02-02 09:30:00,2016-02-03 09:30:00,,
2016-02-03 10:06:49,2016-02-04 10:07:16,2016-02-03 14:44:18,
2016-02-03 11:40:17,2016-02-04 11:41:23,,2016-02-03 15:10:21
2016-02-03 14:28:26,2016-02-04 14:28:37,,2016-02-04 10:35:02
2016-02-04 10:15:53,2016-02-05 10:15:53,,
2016-02-05 11:02:40,2016-02-08 09:30:00,,2016-02-08 09:30:00
2016-02-08 09:30:00,2016-02-09 09:30:00,,
2016-02-08 15:46:18,2016-02-09 15:46:46,2016-02-09 13:18:42,
2016-02-09 09:30:00,2016-02-10 09:30:00,,2016-02-09 15:07:23
2016-02-09 15:06:27,2016-02-10 15:06:40,,
2016-02-10 15:29:33,2016-02-11 15:29:35,,2016-02-11 09:30:00
2016-02-11 09:30:00,2016-02-12 09:30:00,,
2016-02-11 14:28:05,2016-02-12 14:28:12,2016-02-12 09:30:00,
2016-02-12 09:30:00,2016-02-16 07:30:43,,2016-02-16 07:30:43
2016-02-16 07:30:43,2016-02-17 09:30:00,,
2016-02-17 09:30:00,2016-02-18 09:30:00,,
2016-02-22 09:30:00,2016-02-23 09:30:00,,
2016-02-23 15:14:29,2016-02-24 15:14:44,,
2016-02-24 09:35:21,2016-02-25 09:35:52,2016-02-24 15:09:51,
2016-02-24 14:24:07,2016-02-25 14:24:14,,
2016-02-25 15:43:36,2016-02-26 15:44:24,,
2016-02-29 15:12:17,2016-03-01 15:12:59,2016-03-01 11:39:43,
2016-03-01 11:19:34,2016-03-02 11:20:30,,
2016-03-02 11:31:09,2016-03-03 11:32:48,,
2016-03-03 14:45:28,2016-03-04 14:46:05,,
2016-03-04 13:54:50,2016-03-07 09:30:00,,
2016-03-07 13:05:48,2016-03-08 13:05:48,2016-03-08 10:01:09,
2016-03-08 09:59:01,2016-03-09 09:59:13,,
2016-03-10 09:56:03,2016-03-11 09:56:17,2016-03-10 11:22:03,
2016-03-10 11:02:39,2016-03-11 11:04:17,2016-03-11 09:30:00,
2016-03-10 15:28:48,2016-03-11 15:28:55,,2016-03-11 10:34:48
2016-03-11 09:30:00,2016-03-14 09:30:00,,
2016-03-15 09:30:00,2016-03-16 09:30:00,,
2016-03-16 14:27:46,2016-03-17 14:27:46,,2016-03-17 13:46:16
2016-03-17 12:27:46,2016-03-18 12:29:43,,2016-03-18 10:11:44
2016-03-18 10:11:42,2016-03-21 09:30:00,,
2016-06-24 15:16:44,2016-06-27 09:30:00,,
2016-06-27 09:30:30,2016-06-28 09:30:43,,2016-06-27 11:00:31
2016-06-27 11:00:31,2016-06-28 11:01:15,2016-06-28 09:30:00,
2016-06-28 09:30:00,2016-06-29 09:30:00,,
2016-06-29 09:30:00,2016-06-30 09:30:00,,
2016-06-30 10:56:53,2016-07-01 10:57:02,,
2016-07-05 13:20:43,2016-07-06 13:21:37,,
2016-07-06 15:55:50,2016-07-07 15:56:00,,
2016-07-08 09:46:14,2016-07-11 09:30:00,,
2016-07-12 09:30:00,2016-07-13 09:30:00,,
2016-07-14 09:30:13,2016-07-15 09:31:20,,
2018-02-05 15:59:44,2018-02-06 15:59:46,2018-02-06 15:07:08,2018-02-06 09:30:00
2018-02-06 09:30:00,2018-02-07 09:30:00,2018-02-06 09:36:34,
2018-02-06 09:34:58,2018-02-07 09:35:03,2018-02-06 09:48:05,
2018-02-06 09:48:29,2018-02-07 09:48:35,2018-02-06 15:09:34,2018-02-06 10:36:56
2018-02-06 10:18:10,2018-02-07 10:18:16,,2018-02-06 15:02:06
2018-02-06 10:37:17,2018-02-07 10:37:43,2018-02-06 12:30:26,
2018-02-06 12:30:37,2018-02-07 12:31:18,2018-02-06 14:09:42,2018-02-07 09:38:57
2018-02-06 14:08:42,2018-02-07 14:09:04,2018-02-06 15:00:04,
2018-02-06 14:55:55,2018-02-07 14:56:42,,2018-02-07 09:40:26
2018-02-07 09:38:57,2018-02-08 09:40:40,,
2018-02-08 09:34:22,2018-02-09 09:34:35,,2018-02-08 12:54:28
2018-02-08 12:51:09,2018-02-09 12:51:22,,2018-02-09 10:47:15
2018-02-08 15:51:12,2018-02-09 15:51:26,,2018-02-09 12:14:38
2018-02-09 10:48:51,2018-02-12 09:30:00,2018-02-09 15:46:20,
2018-02-09 12:44:17,2018-02-12 09:30:00,2018-02-09 14:19:05,
2018-02-09 14:03:48,2018-02-12 09:30:00,,
2018-02-09 15:45:23,2018-02-12 09:30:00,,
2018-02-12 13:53:52,2018-02-13 13:56:17,,
2018-02-14 13:02:03,2018-02-15 13:02:10,,
2018-02-16 11:04:33,2018-02-20 09:30:00,,
2018-02-20 10:38:41,2018-02-21 10:39:47,,
2018-02-21 15:58:28,2018-02-22 15:58:50,,
2018-02-23 15:05:35,2018-02-26 09:30:00,,
2018-02-26 15:20:09,2018-02-27 15:20:57,,
2018-02-27 15:10:31,2018-02-28 15:11:43,,
2018-02-28 15:45:26,2018-03-01 15:45:33,,2018-03-01 13:10:56
2018-03-01 13:00:56,2018-03-02 13:01:55,,2018-03-02 09:45:09
2018-03-02 09:40:39,2018-03-05 09:30:00,2018-03-02 15:55:31,
2018-03-02 15:50:08,2018-03-05 09:30:00,,
2018-03-05 11:25:58,2018-03-06 11:28:45,,
2018-03-09 09:30:00,2018-03-12 09:30:00,,
2018-03-12 09:33:02,2018-03-13 09:33:52,,
2018-03-13 15:23:17,2018-03-14 15:23:23,,
2018-03-14 13:03:10,2018-03-15 13:03:23,,
2018-03-19 10:51:49,2018-03-20 10:54:09,,
2018-03-19 14:42:15,2018-03-20 14:42:39,2018-03-20 09:31:34,
2018-03-20 09:31:34,2018-03-21 09:33:29,,
2018-03-21 14:01:38,2018-03-22 14:01:53,2018-03-22 09:30:00,
2018-03-22 09:30:00,2018-03-23 09:30:00,,2018-03-22 15:18:33
2018-03-22 11:42:57,2018-03-23 11:43:08,,
2018-03-22 15:18:29,2018-03-23 15:18:54,,2018-03-23 14:46:51
2018-03-23 11:51:54,2018-03-26 09:30:00,,2018-03-23 15:45:04
2018-03-23 14:58:03,2018-03-26 09:30:00,,
2018-03-26 09:30:00,2018-03-27 09:30:00,2018-03-27 09:30:00,
2018-03-26 14:30:08,2018-03-27 14:30:41,,
2018-03-27 13:13:45,2018-03-28 13:14:43,2018-03-27 15:06:01,
2018-03-27 15:05:19,2018-03-28 15:05:32,,
2018-03-28 12:20:06,2018-03-29 12:25:24,,
2018-03-29 11:04:38,2018-04-02 09:30:00,,
2018-04-02 10:12:53,2018-04-03 10:13:48,,2018-04-02 11:37:10
2018-04-02 11:36:26,2018-04-03 11:36:30,,2018-04-02 14:06:22
2018-04-03 09:30:00,2018-04-04 09:30:00,,
2018-04-03 15:07:53,2018-04-04 15:08:29,,
2018-04-04 09:30:00,2018-04-05 09:30:00,,2018-04-04 12:35:28
2018-04-04 12:12:00,2018-04-05 12:12:41,,2018-04-05 09:30:00
2018-04-04 15:45:12,2018-04-05 15:45:27,,
2018-04-06 11:00:39,2018-04-09 09:30:00,,2018-04-06 14:40:36
2018-04-06 14:29:08,2018-04-09 09:30:00,,
2018-04-09 10:30:20,2018-04-10 10:31:05,,
2018-04-09 15:58:06,2018-04-10 15:58:11,2018-04-10 09:41:29,
2018-04-10 09:32:24,2018-04-11 09:32:39,,
2018-04-13 09:30:00,2018-04-16 09:30:00,,
2018-04-13 15:19:58,2018-04-16 09:30:00,,
2018-04-16 11:01:44,2018-04-17 11:03:00,,
2018-10-11 14:32:16,2018-10-12 14:32:25,,2018-10-11 14:46:04
2018-10-11 14:46:04,2018-10-12 14:46:44,2018-10-11 15:16:16,
2018-10-11 15:16:17,2018-10-12 15:16:18,,2018-10-12 12:47:44
2018-10-12 09:30:00,2018-10-15 09:30:00,,2018-10-12 12:27:16
2018-10-12 12:20:09,2018-10-15 09:30:00,,
2018-10-12 15:44:46,2018-10-15 09:30:00,,
2018-10-16 13:30:47,2018-10-17 13:31:07,,
2018-10-17 12:23:31,2018-10-18 12:23:42,,
2018-10-18 11:51:21,2018-10-19 11:51:21,,
2018-10-19 09:55:25,2018-10-22 09:30:00,,
2018-10-22 09:53:11,2018-10-23 09:53:31,,2018-10-23 09:30:00
2018-10-23 09:30:00,2018-10-24 09:30:00,2018-10-23 14:50:58,
2018-10-23 13:07:29,2018-10-24 13:08:57,,
2018-10-23 15:23:40,2018-10-24 15:24:09,2018-10-24 10:45:30,
2018-10-24 10:39:55,2018-10-25 10:41:43,,2018-10-24 15:03:08
2018-10-24 15:00:52,2018-10-25 15:02:28,,2018-10-24 15:56:06
2018-10-24 15:56:00,2018-10-25 15:56:18,2018-10-25 11:21:03,
2018-10-25 10:33:09,2018-10-26 10:33:20,2018-10-26 09:42:22,
2018-10-25 14:34:33,2018-10-26 14:35:29,2018-10-26 09:30:00,
2018-10-26 09:30:00,2018-10-29 09:30:00,,2018-10-26 10:05:49
2018-10-26 10:05:49,2018-10-29 09:30:00,2018-10-26 12:20:18,
2018-10-26 11:30:59,2018-10-29 09:30:00,,
2018-10-29 14:51:02,2018-10-30 14:51:28,,2018-10-29 15:40:41
2018-10-29 15:40:39,2018-10-30 15:40:45,2018-10-30 09:36:03,
2018-10-29 15:55:01,2018-10-30 15:55:05,,2018-10-30 09:54:33
2018-10-30 09:41:17,2018-10-31 09:41:39,,2018-10-31 09:30:00
2018-10-30 13:32:55,2018-10-31 13:32:55,2018-10-30 15:28:11,
2018-10-30 15:28:11,2018-10-31 15:28:22,,2018-10-31 10:45:03
2018-10-31 10:40:39,2018-11-01 10:41:37,,
2018-11-02 09:30:00,2018-11-05 09:30:00,2018-11-02 11:49:29,
2018-11-02 11:36:37,2018-11-05 09:30:00,,
2018-11-05 09:30:00,2018-11-06 09:30:00,,
2018-11-06 11:00:16,2018-11-07 11:00:35,,2018-11-07 09:38:00
2018-11-07 09:30:00,2018-11-08 09:30:00,,
2018-11-07 14:39:28,2018-11-08 14:39:52,,
2018-11-09 10:15:31,2018-11-12 09:30:00,,
2018-11-12 11:18:26,2018-11-13 11:18:40,,
2018-11-13 14:18:58,2018-11-14 14:19:39,,2018-11-14 13:48:23
2018-11-14 09:45:01,2018-11-15 09:45:30,2018-11-14 11:32:43,
2018-11-14 11:26:27,2018-11-15 11:26:36,,2018-11-14 14:06:02
2018-11-14 14:02:06,2018-11-15 14:02:27,2018-11-14 15:08:36,
2018-11-14 15:02:01,2018-11-15 15:02:14,2018-11-15 09:30:59,
2018-11-15 09:30:55,2018-11-16 09:31:14,2018-11-15 13:24:42,
2018-11-15 11:38:07,2018-11-16 11:40:02,,2018-11-16 10:37:33
2018-11-15 13:30:42,2018-11-16 13:32:55,,
2018-11-16 10:37:33,2018-11-19 09:30:00,,
2018-11-20 14:07:40,2018-11-21 14:10:10,2018-11-21 12:02:27,
2018-11-21 11:11:10,2018-11-23 09:30:00,2018-11-23 09:30:00,
2018-11-23 09:30:00,2018-11-26 09:30:00,,
2018-11-26 09:34:28,2018-11-27 09:36:09,,
2018-11-28 09:30:00,2018-11-29 09:30:00,,2018-11-28 14:14:47
2018-11-28 12:02:48,2018-11-29 12:04:05,,
2018-11-29 14:57:43,2018-11-30 14:58:27,,
2018-12-03 09:30:00,2018-12-04 09:30:00,2018-12-03 11:42:12,
2018-12-06 09:30:00,2018-12-07 09:30:00,,2018-12-06 10:59:00
2018-12-06 10:59:00,2018-12-07 10:59:17,2018-12-06 15:32:20,
2018-12-06 12:54:59,2018-12-07 12:56:24,,2018-12-07 09:33:06
2018-12-06 15:32:25,2018-12-07 15:32:26,2018-12-07 14:11:14,
2018-12-07 09:47:08,2018-12-10 09:30:00,2018-12-07 10:37:15,
2018-12-07 10:37:15,2018-12-10 09:30:00,,2018-12-07 14:11:45
2018-12-07 12:39:10,2018-12-10 09:30:00,,
2018-12-07 14:11:14,2018-12-10 09:30:00,,
2018-12-10 09:48:17,2018-12-11 09:48:58,2018-12-11 09:30:00,2018-12-10 11:01:27
2018-12-10 11:01:27,2018-12-11 11:01:41,2018-12-10 13:35:25,
2018-12-10 12:48:24,2018-12-11 12:50:13,,2018-12-11 09:30:00
2018-12-11 09:30:00,2018-12-12 09:30:00,2018-12-11 12:07:31,
2018-12-11 12:04:37,2018-12-12 12:05:00,,
2018-12-11 15:13:13,2018-12-12 15:13:52,,
2018-12-12 09:31:22,2018-12-13 09:31:30,,
2018-12-12 15:59:48,2018-12-13 15:59:51,,
2018-12-14 09:30:00,2018-12-17 09:30:00,2018-12-17 09:30:00,
2018-12-14 14:04:14,2018-12-17 09:30:00,,
2018-12-17 09:30:00,2018-12-18 09:30:00,2018-12-17 14:03:13,
2018-12-17 12:56:10,2018-12-18 12:57:50,,2018-12-17 15:32:11
2018-12-17 15:28:19,2018-12-18 15:28:27,,
2018-12-18 09:33:20,2018-12-19 09:33:49,2018-12-18 14:37:29,
2018-12-18 13:55:21,2018-12-19 13:55:35,,
2018-12-19 09:55:42,2018-12-20 09:55:45,2018-12-19 14:53:00,
2018-12-19 14:04:25,2018-12-20 14:04:47,,2018-12-19 14:58:12
2018-12-19 14:44:49,2018-12-20 14:45:10,,2018-12-19 15:04:27
2018-12-19 15:01:38,2018-12-20 15:01:45,,2018-12-20 11:51:00
2018-12-20 09:43:13,2018-12-21 09:43:53,,2018-12-20 14:02:53
2018-12-20 11:50:42,2018-12-21 11:50:51,2018-12-21 10:17:57,2018-12-20 14:03:52
2018-12-20 14:02:52,2018-12-21 14:02:54,2018-12-21 10:11:23,
2018-12-20 14:44:12,2018-12-21 14:44:27,,2018-12-21 10:18:00
2018-12-20 15:52:00,2018-12-21 15:52:04,2018-12-21 10:11:06,2018-12-21 15:37:37
2018-12-21 10:10:51,2018-12-24 09:30:00,2018-12-21 12:30:22,
2018-12-21 11:07:16,2018-12-24 09:30:00,,2018-12-21 14:44:44
2018-12-21 12:30:09,2018-12-24 09:30:00,,2018-12-21 15:36:29
2018-12-21 15:15:11,2018-12-24 09:30:00,,2018-12-24 09:30:00
2018-12-24 09:30:00,2018-12-26 09:30:00,2018-12-24 10:06:29,
2018-12-24 09:54:18,2018-12-26 09:30:00,,2018-12-24 13:21:44
2018-12-24 10:37:56,2018-12-26 09:30:00,2018-12-24 12:21:07,
2018-12-24 11:24:22,2018-12-26 09:30:00,,
2018-12-24 12:55:12,2018-12-26 09:30:00,,
2018-12-26 10:04:20,2018-12-27 10:04:34,2018-12-26 11:55:38,
2018-12-26 11:28:59,2018-12-27 11:29:07,,2018-12-26 12:11:26
2018-12-26 12:06:52,2018-12-27 12:07:10,,2018-12-26 15:06:24
2018-12-26 15:15:57,2018-12-27 15:16:09,,2018-12-26 15:56:49
2018-12-26 15:59:04,2018-12-27 15:59:04,2018-12-27 09:49:43,
2018-12-27 09:48:36,2018-12-28 09:50:43,2018-12-27 15:40:19,
2018-12-27 14:15:24,2018-12-28 14:15:26,2018-12-27 15:24:56,
2018-12-27 15:23:20,2018-12-28 15:23:22,,2018-12-27 15:59:44
2018-12-27 15:44:41,2018-12-28 15:44:44,,
2018-12-28 09:46:05,2018-12-31 09:30:00,,
2019-01-02 09:30:00,2019-01-03 09:30:00,2019-01-02 11:14:47,
2019-01-02 11:06:44,2019-01-03 11:09:03,2019-01-03 10:10:58,
2019-01-03 09:33:10,2019-01-04 09:33:59,,
2019-01-03 11:43:44,2019-01-04 11:44:14,,2019-01-03 15:59:47
2019-01-03 15:59:48,2019-01-04 15:59:48,2019-01-04 09:30:00,
2019-01-04 09:34:43,2019-01-07 09:30:00,,2019-01-04 12:41:59
2019-01-04 12:40:15,2019-01-07 09:30:00,,
2019-01-07 12:34:10,2019-01-08 12:35:02,,
2019-01-09 10:02:07,2019-01-10 10:03:21,,
2019-01-10 14:22:18,2019-01-11 14:23:03,,
2019-01-15 11:57:59,2019-01-16 11:58:18,,
2019-01-16 09:46:33,2019-01-17 09:48:22,,
2019-01-23 09:48:09,2019-01-24 09:48:17,2019-01-23 11:58:01,
2019-01-23 11:52:59,2019-01-24 11:54:30,,
2019-01-24 10:15:19,2019-01-25 10:15:21,,
2019-01-25 09:30:00,2019-01-28 09:30:00,,
2019-01-28 09:30:00,2019-01-29 09:30:00,,
2019-01-29 09:46:15,2019-01-30 09:46:24,,
2019-01-30 14:00:14,2019-01-31 14:00:15,,
2019-01-31 11:47:30,2019-02-01 11:48:29,,
2019-06-05 09:30:00,2019-06-06 09:30:00,,
2019-06-06 09:41:17,2019-06-07 09:46:46,,
2019-06-07 09:29:59,2019-06-10 09:30:00,,
2019-06-10 09:34:54,2019-06-11 09:37:42,,
2019-06-12 11:55:02,2019-06-13 11:55:16,,
2019-08-05 15:05:27,2019-08-06 15:05:56,2019-08-06 09:30:00,
2019-08-06 09:30:00,2019-08-07 09:30:00,,
2019-08-06 14:34:25,2019-08-07 14:34:39,2019-08-07 09:31:52,
2019-08-07 09:30:00,2019-08-08 09:30:00,,2019-08-07 15:30:49
2019-08-07 10:50:40,2019-08-08 10:50:49,2019-08-08 09:30:00,
2019-08-07 14:46:27,2019-08-08 14:48:47,,2019-08-08 10:53:18
2019-08-08 10:31:39,2019-08-09 10:32:34,,
2019-08-09 11:27:24,2019-08-12 09:30:00,,
2019-08-12 09:32:52,2019-08-13 09:37:04,,
2019-08-13 09:45:50,2019-08-14 09:46:34,2019-08-13 10:27:06,2019-08-14 09:31:37
2019-08-13 10:27:06,2019-08-14 10:29:29,2019-08-14 09:30:00,
2019-08-14 09:30:00,2019-08-15 09:30:00,,2019-08-14 12:58:20
2019-08-14 12:55:42,2019-08-15 12:56:05,,
2019-08-15 14:00:25,2019-08-16 14:05:19,2019-08-16 09:30:00,
2019-08-16 09:30:00,2019-08-19 09:30:00,,2019-08-19 09:30:00
2019-08-19 09:30:00,2019-08-20 09:30:00,,
2019-08-22 09:39:55,2019-08-23 09:42:10,,
2019-08-23 11:02:00,2019-08-26 09:30:00,,2019-08-23 13:22:01
2019-08-23 13:22:01,2019-08-26 09:30:00,,
2019-08-26 09:30:00,2019-08-27 09:30:00,,
2019-08-27 12:42:18,2019-08-28 12:44:15,,
2019-08-29 09:30:00,2019-08-30 09:30:00,,
2019-08-30 09:32:34,2019-09-03 09:30:00,,
2019-09-03 09:32:02,2019-09-04 09:36:33,,
2019-09-04 09:30:00,2019-09-05 09:30:00,,2019-09-05 09:30:00
2019-09-05 09:30:00,2019-09-06 09:30:00,,
2019-09-09 10:13:30,2019-09-10 10:15:54,,
2019-09-11 09:48:22,2019-09-12 09:48:35,,
2019-09-13 09:36:54,2019-09-16 09:30:00,,
2019-09-18 14:14:46,2019-09-19 14:16:28,,
2019-09-19 11:31:41,2019-09-20 11:31:53,,
2019-09-20 13:16:59,2019-09-23 09:30:00,,
2019-10-02 11:31:01,2019-10-03 11:31:10,,2019-10-03 10:04:17
2019-10-03 10:00:39,2019-10-04 10:01:34,2019-10-03 13:40:37,
2019-10-03 11:03:09,2019-10-04 11:06:23,2019-10-04 09:31:07,
2019-10-04 09:30:00,2019-10-07 09:30:00,,2019-10-04 15:49:52
2019-10-04 15:50:01,2019-10-07 09:30:00,,
2019-10-08 09:30:00,2019-10-09 09:30:00,,
2019-10-09 14:54:55,2019-10-10 14:55:37,,
2019-10-10 10:59:39,2019-10-11 11:01:22,,2019-10-11 09:35:49
2019-10-11 09:30:00,2019-10-14 09:30:00,,
2019-10-15 10:32:21,2019-10-16 10:32:52,,
2019-10-21 09:31:54,2019-10-22 09:35:07,,
2020-02-25 10:22:47,2020-02-26 10:24:55,,2020-02-25 12:23:00
2020-02-25 12:23:00,2020-02-26 12:23:23,,2020-02-25 14:01:49
2020-02-25 13:59:59,2020-02-26 14:00:10,,2020-02-26 13:36:09
2020-02-26 09:42:02,2020-02-27 09:43:10,2020-02-26 13:34:57,
2020-02-26 12:08:18,2020-02-27 12:08:18,,2020-02-27 09:29:59
2020-02-26 13:45:16,2020-02-27 13:45:27,,2020-02-27 09:29:59
2020-02-27 09:29:59,2020-02-28 09:29:59,,2020-02-27 10:26:58
2020-02-27 10:23:19,2020-02-28 10:24:03,2020-02-27 12:02:20,2020-02-27 15:57:39
2020-02-27 10:59:40,2020-02-28 10:59:55,2020-02-27 15:50:24,2020-02-27 12:40:06
2020-02-27 12:14:17,2020-02-28 12:14:42,2020-02-27 13:43:37,
2020-02-27 13:42:47,2020-02-28 13:43:16,2020-02-27 15:50:40,
2020-02-27 15:32:41,2020-02-28 15:32:53,,2020-02-28 09:00:16
2020-02-27 15:59:53,2020-02-28 15:59:53,,2020-02-28 09:00:16
2020-02-28 09:00:16,2020-03-02 09:30:00,,2020-02-28 09:57:43
2020-02-28 09:54:25,2020-03-02 09:30:00,2020-02-28 11:43:15,
2020-02-28 11:32:14,2020-03-02 09:30:00,,
2020-02-28 13:45:43,2020-03-02 09:30:00,2020-03-02 09:30:00,
2020-02-28 15:44:08,2020-03-02 09:30:00,2020-02-28 15:59:20,
2020-02-28 15:59:20,2020-03-02 09:30:00,,
2020-03-02 11:11:45,2020-03-03 11:12:21,,2020-03-02 15:47:33
2020-03-02 15:50:14,2020-03-03 15:50:27,2020-03-03 14:03:48,
2020-03-03 10:01:07,2020-03-04 10:01:42,2020-03-03 11:12:54,
2020-03-03 11:12:21,2020-03-04 11:12:22,,2020-03-03 14:09:49
2020-03-03 14:05:44,2020-03-04 14:05:57,2020-03-04 09:33:27,
2020-03-04 09:30:00,2020-03-05 09:30:00,,
2020-03-04 15:30:37,2020-03-05 15:31:37,2020-03-05 09:55:24,
2020-03-05 09:30:00,2020-03-06 09:30:00,2020-03-06 09:30:00,
2020-03-05 15:16:42,2020-03-06 15:16:50,,2020-03-06 09:30:01
2020-03-06 09:30:00,2020-03-09 08:43:43,2020-03-09 08:43:43,
2020-03-06 15:57:21,2020-03-09 08:43:43,2020-03-09 08:43:43,
2020-03-09 08:43:43,2020-03-10 09:30:00,2020-03-09 09:49:13,2020-03-09 09:56:44
2020-03-09 09:49:13,2020-03-10 09:49:18,2020-03-09 09:49:16,
2020-03-09 09:49:16,2020-03-10 09:49:18,2020-03-09 09:56:18,
2020-03-09 09:56:18,2020-03-10 09:57:43,,2020-03-09 13:55:46
2020-03-09 13:41:43,2020-03-10 13:41:58,2020-03-10 09:30:00,
2020-03-10 09:30:00,2020-03-11 09:30:00,2020-03-10 11:22:43,
2020-03-10 11:14:50,2020-03-11 11:14:55,2020-03-10 15:22:16,
2020-03-10 14:41:57,2020-03-11 14:42:13,2020-03-11 14:09:49,
2020-03-11 09:34:03,2020-03-12 09:34:07,2020-03-11 15:07:08,
2020-03-11 14:23:46,2020-03-12 14:23:48,,2020-03-12 09:30:00
2020-03-12 09:30:00,2020-03-13 09:30:00,2020-03-12 09:50:44,2020-03-12 13:03:34
2020-03-12 09:50:44,2020-03-13 09:51:05,2020-03-12 09:51:02,
2020-03-12 09:51:02,2020-03-13 09:51:05,2020-03-12 12:59:42,2020-03-12 19:51:30
2020-03-12 09:57:45,2020-03-13 09:58:17,2020-03-12 13:05:23,2020-03-12 15:59:07
2020-03-12 12:58:38,2020-03-13 12:59:00,2020-03-12 15:56:56,
2020-03-12 13:36:22,2020-03-13 13:36:24,2020-03-12 19:51:30,
2020-03-12 19:51:30,2020-03-16 09:30:00,2020-03-13 09:30:00,
2020-03-13 09:30:00,2020-03-16 09:30:00,,2020-03-13 11:30:07
2020-03-13 10:59:16,2020-03-16 09:30:00,2020-03-13 15:50:16,2020-03-16 09:30:00
2020-03-13 13:30:33,2020-03-16 09:30:00,2020-03-16 09:30:00,2020-03-13 15:59:28
2020-03-13 15:50:18,2020-03-16 09:30:00,2020-03-16 09:30:00,
2020-03-16 09:30:00,2020-03-17 09:30:00,,2020-03-16 10:39:44
2020-03-16 09:58:18,2020-03-17 09:58:42,2020-03-16 11:20:14,
2020-03-16 10:46:15,2020-03-17 10:46:30,2020-03-16 15:37:32,
2020-03-16 14:04:05,2020-03-17 14:04:39,2020-03-17 12:14:51,
2020-03-16 15:56:58,2020-03-17 15:57:20,2020-03-17 11:53:01,
2020-03-17 11:15:21,2020-03-18 11:15:31,2020-03-18 11:14:57,
2020-03-18 09:29:59,2020-03-19 09:30:00,2020-03-18 14:19:18,
2020-03-18 12:56:02,2020-03-19 12:56:11,,
2020-03-18 15:53:54,2020-03-19 15:54:20,,
2020-03-19 09:42:13,2020-03-20 09:44:10,,2020-03-19 10:15:07
2020-03-19 10:14:26,2020-03-20 10:14:39,,
2020-03-20 09:46:01,2020-03-23 09:30:00,,
2020-03-20 14:26:21,2020-03-23 09:30:00,,
2020-03-23 09:31:39,2020-03-24 09:32:01,,
2020-03-23 11:41:06,2020-03-24 11:41:48,2020-03-24 09:30:00,
2020-03-23 13:12:26,2020-03-24 13:12:51,2020-03-23 15:33:44,2020-03-24 09:37:04
2020-03-23 15:11:37,2020-03-24 15:11:48,2020-03-24 09:30:00,
2020-03-24 09:30:00,2020-03-25 09:30:00,,2020-03-24 15:56:49
2020-03-25 09:35:35,2020-03-26 09:35:42,,
2020-03-25 12:34:24,2020-03-26 12:34:48,,
2020-03-26 10:20:17,2020-03-27 10:20:37,,
2020-03-27 09:48:00,2020-03-30 09:30:00,,
2020-03-30 15:09:32,2020-03-31 15:09:57,,
2020-04-01 09:30:00,2020-04-02 09:30:00,,
2020-04-02 10:37:06,2020-04-03 10:37:15,,
2020-04-06 09:30:00,2020-04-07 09:30:00,,2020-04-07 08:43:57
2020-04-07 08:43:57,2020-04-08 09:29:59,,
2020-04-07 15:59:42,2020-04-08 15:59:42,2020-04-08 14:32:51,
2020-04-08 14:24:47,2020-04-09 14:24:57,,2020-04-09 09:48:00
2020-04-09 09:44:47,2020-04-13 09:30:00,,
2020-04-13 09:44:50,2020-04-14 09:45:29,,
2020-04-14 09:43:23,2020-04-15 09:43:28,,
2020-04-15 09:30:00,2020-04-16 09:30:00,,
2020-04-17 09:30:00,2020-04-20 09:30:00,,
2020-04-21 09:29:59,2020-04-22 09:30:00,,
2020-04-23 09:37:24,2020-04-24 09:39:21,,
2020-04-27 09:35:35,2020-04-28 09:35:46,,2020-04-28 09:30:00
2020-04-28 09:30:00,2020-04-29 09:30:00,,
2020-04-29 09:30:20,2020-04-30 09:30:59,,
2020-04-30 09:30:59,2020-05-01 09:31:34,,2020-05-01 09:30:00
2020-05-01 09:30:00,2020-05-04 09:30:00,,
2020-05-04 09:30:57,2020-05-05 09:31:10,,
2020-05-05 09:30:00,2020-05-06 09:30:00,,
2020-05-06 11:25:06,2020-05-07 11:26:51,,
2020-05-07 11:45:28,2020-05-08 11:45:42,,
2020-05-08 14:15:00,2020-05-11 09:30:00,,
2020-05-12 14:17:59,2020-05-13 14:18:19,,2020-05-13 09:34:00
2020-05-13 09:30:16,2020-05-14 09:31:33,,2020-05-13 11:45:46
2020-05-13 11:47:02,2020-05-14 11:47:30,,2020-05-14 09:56:48
2020-05-14 09:54:22,2020-05-15 09:54:59,2020-05-14 11:18:18,
2020-05-14 10:51:14,2020-05-15 10:52:58,,
2020-05-14 13:30:50,2020-05-15 13:32:43,,
2020-05-18 09:20:28,2020-05-19 09:30:00,,
2020-05-19 15:59:59,2020-05-20 15:59:59,,
2020-05-26 09:30:00,2020-05-27 09:30:00,,
2020-05-27 09:29:59,2020-05-28 09:29:59,,
2020-05-28 09:29:59,2020-05-29 09:30:00,,
2020-05-29 09:30:21,2020-06-01 07:00:13,,
2020-06-01 07:00:13,2020-06-02 09:30:00,,
2020-06-02 15:57:36,2020-06-03 15:57:38,,2020-06-03 11:03:50
2020-06-03 11:03:50,2020-06-04 11:04:11,,
2020-06-05 09:08:27,2020-06-08 09:30:00,,
2020-06-08 13:38:07,2020-06-09 13:38:44,2020-06-09 10:10:50,
2020-06-09 09:31:21,2020-06-10 09:32:12,,
2020-06-10 09:56:17,2020-06-11 09:56:59,,2020-06-11 09:29:59
2020-06-11 09:29:59,2020-06-12 09:30:00,,2020-06-11 12:13:49
2020-06-11 11:46:21,2020-06-12 11:46:34,,2020-06-11 15:24:35
2020-06-12 09:30:00,2020-06-15 09:29:59,,2020-06-12 13:46:50
2020-06-12 11:24:53,2020-06-15 09:29:59,,
2020-06-15 09:29:59,2020-06-16 09:30:00,,2020-06-15 13:06:49
2020-06-15 12:18:16,2020-06-16 12:18:35,,2020-06-16 09:30:00
2020-06-16 09:30:00,2020-06-17 09:30:00,2020-06-16 11:00:34,
2020-06-16 11:01:00,2020-06-17 11:01:17,,
2020-06-19 13:56:16,2020-06-22 09:30:00,,
2020-06-24 09:49:01,2020-06-25 09:49:30,,
2020-06-26 10:50:27,2020-06-29 09:30:00,,
2020-06-29 15:59:58,2020-06-30 15:59:59,,
2020-07-01 09:33:15,2020-07-02 09:33:32,,
2020-07-02 09:35:02,2020-07-06 09:29:59,,
2020-07-07 15:42:59,2020-07-08 15:44:16,,
2020-07-09 10:40:17,2020-07-10 10:41:08,,
2020-07-10 10:43:09,2020-07-13 09:29:59,,
2020-07-13 09:29:59,2020-07-14 09:29:59,,
2020-07-13 15:50:00,2020-07-14 15:50:01,2020-07-14 15:44:00,
2020-07-14 11:33:33,2020-07-15 11:34:00,,2020-07-15 09:30:00
2020-07-15 09:30:00,2020-07-16 09:30:00,,
2020-07-21 09:39:46,2020-07-22 09:40:27,,
2020-07-23 12:23:10,2020-07-24 12:23:16,,
2020-07-24 11:33:26,2020-07-27 09:30:00,,
2020-07-29 12:13:55,2020-07-30 12:16:00,2020-07-30 09:52:29,
2020-07-30 09:30:00,2020-07-31 09:30:00,,
2020-07-31 10:28:24,2020-08-03 09:30:00,,
2020-07-31 15:58:02,2020-08-03 09:30:00,,
2020-08-04 11:28:16,2020-08-05 11:29:46,,
2020-08-05 09:32:19,2020-08-06 09:33:10,,
2020-08-07 12:47:19,2020-08-10 08:07:52,,
2020-08-10 09:34:13,2020-08-11 09:34:52,,2020-08-11 09:20:41
2020-08-11 09:20:41,2020-08-12 09:30:00,2020-08-11 15:18:07,
2020-08-11 15:16:22,2020-08-12 15:16:30,,
2020-08-12 09:30:00,2020-08-13 09:30:00,,
2020-08-13 09:29:59,2020-08-14 09:30:00,,
2020-09-04 09:30:00,2020-09-08 09:30:00,,2020-09-04 10:35:34
2020-09-04 10:21:33,2020-09-08 09:30:00,,2020-09-04 11:25:39
2020-09-04 10:37:57,2020-09-08 09:30:00,2020-09-04 14:40:33,
2020-09-04 14:28:06,2020-09-08 09:30:00,,
2020-09-08 09:30:00,2020-09-09 09:30:00,2020-09-08 09:45:02,
2020-09-08 09:45:02,2020-09-09 09:45:16,,
2020-09-08 13:38:06,2020-09-09 13:41:07,,
2020-09-08 15:04:50,2020-09-09 15:07:55,2020-09-09 09:50:50,
2020-09-09 09:50:50,2020-09-10 09:51:52,,
2020-09-10 10:58:08,2020-09-11 11:00:23,,2020-09-10 15:20:31
2020-09-10 14:29:26,2020-09-11 14:30:49,,
2020-09-14 09:30:00,2020-09-15 09:30:00,,
2020-09-15 09:31:47,2020-09-16 09:35:38,,
2020-09-16 10:57:34,2020-09-17 11:00:17,2020-09-17 09:30:00,
2020-09-17 09:30:00,2020-09-18 09:30:00,,
2020-09-17 10:11:01,2020-09-18 10:12:39,,
2020-09-18 13:27:43,2020-09-21 09:30:00,,2020-09-21 09:30:00
2020-09-21 09:30:00,2020-09-22 09:30:00,2020-09-21 10:16:46,
2020-09-21 10:16:46,2020-09-22 10:16:46,2020-09-22 09:41:02,
2020-09-22 09:32:14,2020-09-23 09:33:01,,
2020-09-23 10:11:02,2020-09-24 10:12:02,,2020-09-23 14:40:40
2020-09-23 14:19:56,2020-09-24 14:20:37,,2020-09-24 09:33:44
2020-09-24 09:33:44,2020-09-25 09:33:46,2020-09-24 13:15:09,
2020-09-24 12:20:02,2020-09-25 12:22:28,,
2020-09-24 15:20:28,2020-09-25 15:21:02,2020-09-25 15:00:04,
2020-09-25 13:41:38,2020-09-28 09:30:00,,2020-09-28 09:30:00
2020-09-28 09:30:00,2020-09-29 09:30:00,,
2020-09-29 11:15:09,2020-09-30 11:18:15,2020-09-30 10:05:03,
2020-09-30 09:47:35,2020-10-01 09:47:39,,
2020-09-30 15:17:04,2020-10-01 15:18:09,,
2020-10-01 09:33:21,2020-10-02 09:33:27,2020-10-02 09:29:59,
2020-10-01 14:13:01,2020-10-02 14:15:02,2020-10-02 12:45:10,
2020-10-02 09:29:59,2020-10-05 09:30:00,,2020-10-02 12:10:06
2020-10-02 11:15:07,2020-10-05 09:30:00,,
2020-10-02 13:25:37,2020-10-05 09:30:00,,
2020-10-05 10:42:50,2020-10-06 10:43:44,,
2020-10-06 13:09:30,2020-10-07 13:09:50,2020-10-06 14:54:59,
2020-10-06 14:54:21,2020-10-07 14:55:46,,
2020-10-07 09:32:06,2020-10-08 09:32:35,,
2020-10-08 09:36:50,2020-10-09 09:38:25,,2020-10-09 09:30:00
2020-10-09 09:30:00,2020-10-12 09:30:00,,
2020-10-12 13:22:35,2020-10-13 13:23:16,2020-10-13 11:41:21,
2020-10-13 10:46:05,2020-10-14 10:48:38,,
2020-10-15 09:30:00,2020-10-16 09:30:00,2020-10-15 15:01:17,
2020-10-15 13:22:55,2020-10-16 13:24:26,,
2020-10-19 13:43:26,2020-10-20 13:44:10,,
2020-10-20 10:52:30,2020-10-21 10:55:45,,
2020-10-20 15:17:19,2020-10-21 15:20:17,,
2020-10-22 13:14:18,2020-10-23 13:14:50,,
2020-10-26 09:30:00,2020-10-27 09:30:00,2020-10-26 11:01:02,
2020-10-26 11:01:02,2020-10-27 11:01:32,,
2020-10-27 15:48:24,2020-10-28 15:48:31,,2020-10-28 09:30:00
2020-10-28 09:30:00,2020-10-29 09:30:00,,2020-10-28 15:55:32
2020-10-28 10:24:36,2020-10-29 10:27:55,,2020-10-29 09:30:27
2020-10-28 16:22:25,2020-10-30 09:30:00,2020-10-29 14:06:16,
2020-10-29 10:38:55,2020-10-30 10:39:02,,
2020-10-29 14:08:51,2020-10-30 14:09:26,2020-10-30 10:29:10,
2020-10-30 09:30:00,2020-11-02 08:01:09,,2020-11-02 08:01:09
2020-10-30 10:43:50,2020-11-02 08:01:09,2020-10-30 18:26:39,
2020-10-30 15:59:46,2020-11-02 08:01:09,,2020-11-02 08:01:09
2020-11-02 08:01:09,2020-11-03 08:56:19,2020-11-02 08:19:02,
2020-11-02 08:19:02,2020-11-03 08:56:19,,2020-11-02 11:40:30
2020-11-02 11:40:30,2020-11-03 11:40:30,,2020-11-03 08:56:19
2020-11-03 08:56:19,2020-11-04 09:30:00,,
2020-11-04 10:05:57,2020-11-05 10:06:04,,
2020-11-04 15:16:15,2020-11-05 15:16:18,2020-11-05 10:15:58,
2020-11-05 09:34:24,2020-11-06 09:35:01,,
2020-11-09 08:02:05,2020-11-10 09:01:15,,2020-11-09 09:30:00
2020-11-09 09:30:00,2020-11-10 09:30:00,,
2020-11-09 10:35:05,2020-11-10 10:35:31,,
2020-11-12 12:41:18,2020-11-13 12:42:17,,
2020-11-13 11:39:27,2020-11-16 07:34:12,,2020-11-16 07:34:12
2020-11-16 07:34:12,2020-11-17 09:29:55,,
2020-11-17 09:34:25,2020-11-18 09:35:01,,
2020-11-18 15:59:45,2020-11-19 15:59:45,,
2020-11-23 15:00:47,2020-11-24 15:01:34,,2020-11-24 11:21:00
2020-11-24 10:21:51,2020-11-25 10:24:54,,
2020-11-30 10:28:27,2020-12-01 10:29:45,2020-12-01 10:21:48,
2020-12-01 09:45:56,2020-12-02 09:46:40,,
2020-12-04 09:31:37,2020-12-07 09:30:00,,
2020-12-09 09:32:35,2020-12-10 09:35:05,,
2020-12-11 09:50:09,2020-12-14 09:30:00,,
2020-12-14 13:47:34,2020-12-15 13:47:47,,
2020-12-15 13:08:26,2020-12-16 13:14:35,,
2020-12-21 09:30:00,2020-12-22 09:30:00,,
2020-12-21 12:51:45,2020-12-22 12:53:47,,
2020-12-23 11:20:00,2020-12-24 11:20:56,,
2020-12-28 09:30:00,2020-12-29 09:30:00,,
2020-12-31 14:34:29,2021-01-04 09:30:00,,
2021-01-04 10:31:46,2021-01-05 10:33:33,,2021-01-04 11:55:59
2021-01-04 11:55:59,2021-01-05 11:59:03,2021-01-05 09:40:47,
2021-01-05 09:36:54,2021-01-06 09:37:28,,2021-01-06 09:33:34
2021-01-05 14:00:48,2021-01-06 14:00:48,,2021-01-06 09:55:30
2021-01-06 09:46:51,2021-01-07 09:49:00,,2021-01-06 10:50:49
2021-01-06 10:50:49,2021-01-07 10:54:25,,
2021-01-07 10:23:06,2021-01-08 10:23:13,,
2021-01-08 13:37:20,2021-01-11 09:30:00,,
2021-01-12 09:57:19,2021-01-13 09:57:31,,
2021-01-14 12:09:34,2021-01-15 12:11:45,2021-01-15 09:30:28,
2021-01-15 09:30:00,2021-01-19 09:30:00,,
2021-01-19 09:30:00,2021-01-20 09:30:00,,
2021-01-22 09:30:00,2021-01-25 09:29:59,,
2021-01-25 09:53:57,2021-01-26 09:54:03,2021-01-26 09:30:00,
2021-01-25 15:57:55,2021-01-26 15:57:59,,
2021-01-27 14:49:44,2021-01-28 14:53:38,2021-01-28 09:43:07,
2021-01-28 09:30:00,2021-01-29 09:30:00,2021-01-28 11:08:19,
2021-01-28 11:07:29,2021-01-29 11:08:40,2021-01-29 09:30:00,
2021-01-29 09:30:00,2021-02-01 09:30:01,,2021-01-29 12:25:37
2021-01-29 12:16:19,2021-02-01 09:30:01,,
2021-02-01 11:43:07,2021-02-02 11:43:39,,2021-02-02 09:35:31
2021-02-02 09:33:20,2021-02-03 09:34:03,,
2021-02-04 09:33:11,2021-02-05 09:33:34,,2021-02-05 09:30:00
2021-02-05 09:30:00,2021-02-08 09:30:00,,
2021-02-08 15:59:54,2021-02-09 15:59:55,,
2021-02-12 15:52:33,2021-02-16 09:30:00,,
2021-02-25 15:31:19,2021-02-26 15:32:49,,2021-02-26 10:22:54
2021-02-26 10:07:11,2021-03-01 09:30:00,,
2021-02-26 11:06:53,2021-03-01 09:30:00,,
2021-02-26 15:59:35,2021-03-01 09:30:00,2021-03-01 09:30:00,
2021-03-01 09:30:00,2021-03-02 09:30:00,2021-03-01 14:02:29,
2021-03-01 14:09:09,2021-03-02 14:09:26,,
2021-03-04 10:09:13,2021-03-05 10:09:21,,2021-03-04 13:15:47
2021-03-04 12:50:29,2021-03-05 12:50:45,,2021-03-04 13:47:27
2021-03-04 13:47:27,2021-03-05 13:48:03,2021-03-05 09:30:00,
2021-03-04 14:47:31,2021-03-05 14:47:44,,2021-03-05 09:30:00
2021-03-05 09:30:00,2021-03-08 04:00:00,2021-03-05 11:18:37,2021-03-05 15:53:08
2021-03-05 11:07:09,2021-03-08 04:00:00,2021-03-05 13:18:41,
2021-03-05 12:29:08,2021-03-08 04:00:00,,2021-03-05 15:15:11
2021-03-05 15:04:31,2021-03-08 04:00:00,,
2021-03-08 09:29:59,2021-03-09 09:29:59,,2021-03-08 12:22:22
2021-03-08 11:27:55,2021-03-09 11:28:29,,
2021-03-10 13:09:31,2021-03-11 13:10:02,,
2021-03-12 15:35:27,2021-03-15 09:30:00,,
2021-03-26 15:56:34,2021-03-29 09:30:00,,
2021-03-29 10:55:03,2021-03-30 10:55:52,2021-03-29 15:25:01,
2021-05-12 12:00:26,2021-05-13 12:01:53,,
2021-05-12 15:52:43,2021-05-13 15:53:38,2021-05-13 09:50:54,
2021-05-13 09:50:54,2021-05-14 09:51:26,,2021-05-14 09:30:36
2021-05-14 08:00:00,2021-05-17 09:30:00,,
2021-05-19 12:54:13,2021-05-20 12:54:26,,
2021-05-20 11:00:35,2021-05-21 11:00:36,,2021-05-21 09:39:02
2021-05-21 09:38:43,2021-05-24 09:30:00,,
2021-05-26 09:49:34,2021-05-27 09:50:11,2021-05-27 09:32:40,
2021-06-22 11:11:41,2021-06-23 11:11:47,,
2021-06-25 09:52:15,2021-06-28 09:30:00,,
2021-06-29 14:39:03,2021-06-30 14:42:18,,
2021-07-01 10:12:48,2021-07-02 10:13:31,,
2021-07-12 10:04:08,2021-07-13 10:04:56,,
2021-07-20 09:34:38,2021-07-21 09:35:06,,2021-07-20 10:03:47
2021-07-20 10:02:49,2021-07-21 10:03:02,,2021-07-21 09:32:31
2021-07-21 09:36:46,2021-07-22 09:37:08,,
2021-07-26 09:33:31,2021-07-27 09:34:01,,
2021-07-28 14:51:10,2021-07-29 14:51:31,,
2021-12-01 13:07:31,2021-12-02 13:07:46,,2021-12-01 15:22:38
2021-12-03 10:45:52,2021-12-06 09:30:00,2021-12-06 09:30:00,
2021-12-07 09:33:08,2021-12-08 09:33:25,,
2021-12-17 15:52:28,2021-12-20 09:30:00,,2021-12-20 09:30:00
2021-12-20 09:30:00,2021-12-21 09:30:00,,
2021-12-20 16:22:49,2021-12-22 09:30:00,,2021-12-21 11:42:45
2021-12-21 11:44:28,2021-12-22 11:45:53,,
2021-12-23 09:30:00,2021-12-27 09:30:00,,
2021-12-27 14:29:32,2021-12-28 14:30:02,,
2022-01-21 15:27:51,2022-01-24 09:29:59,,
2022-01-24 09:29:59,2022-01-25 09:29:59,2022-01-24 15:50:58,2022-01-24 10:08:54
2022-01-24 10:03:07,2022-01-25 10:04:04,2022-01-24 15:31:45,2022-01-24 12:25:14
2022-01-24 10:37:55,2022-01-25 10:38:42,2022-01-24 11:41:28,2022-01-24 15:47:13
2022-01-24 11:41:23,2022-01-25 11:41:26,2022-01-24 14:02:17,
2022-01-24 13:17:01,2022-01-25 13:17:01,,2022-01-24 15:31:45
2022-01-24 14:02:17,2022-01-25 14:02:31,2022-01-24 14:46:14,2022-01-24 15:50:06
2022-01-24 14:45:54,2022-01-25 14:46:07,2022-01-24 15:13:25,
2022-01-24 15:13:07,2022-01-25 15:13:31,2022-01-25 10:04:36,2022-01-24 15:49:07
2022-01-24 15:46:38,2022-01-25 15:46:53,2022-01-25 09:45:34,
2022-01-25 09:29:59,2022-01-26 09:29:59,2022-01-25 09:58:37,2022-01-25 14:22:26
2022-01-25 09:52:36,2022-01-26 09:53:12,2022-01-25 12:23:25,
2022-01-25 10:29:29,2022-01-26 10:30:00,2022-01-25 13:50:53,
2022-01-25 13:45:14,2022-01-26 13:45:56,,2022-01-26 09:48:37
2022-01-26 09:48:13,2022-01-27 09:49:32,2022-01-26 14:45:29,
2022-01-26 14:45:05,2022-01-27 14:45:33,,2022-01-26 15:23:08
2022-01-26 15:19:16,2022-01-27 15:19:21,2022-01-27 09:29:59,
2022-01-27 09:29:59,2022-01-28 09:30:00,2022-01-27 13:23:38,
2022-01-27 12:31:42,2022-01-28 12:32:59,,2022-01-28 09:35:14
2022-01-28 09:34:20,2022-01-31 09:29:59,2022-01-28 15:21:03,
2022-01-28 11:56:17,2022-01-31 09:29:59,,2022-01-28 15:59:25
2022-01-28 15:33:22,2022-01-31 09:29:59,,
2022-01-31 12:17:40,2022-02-01 12:17:45,,
2022-02-01 15:04:32,2022-02-02 15:05:56,,
2022-02-02 15:47:59,2022-02-03 15:47:59,2022-02-03 15:46:04,
2022-02-03 15:03:55,2022-02-04 15:05:01,,2022-02-04 10:39:03
2022-02-04 10:29:56,2022-02-07 09:30:00,2022-02-04 15:10:24,
2022-02-04 13:07:11,2022-02-07 09:30:00,,
2022-02-24 14:34:08,2022-02-25 14:34:17,,2022-02-24 15:52:41
2022-02-24 15:50:59,2022-02-25 15:51:02,,2022-02-25 09:36:23
2022-02-25 09:34:32,2022-02-28 09:30:00,,2022-02-25 11:54:07
2022-02-25 11:11:52,2022-02-28 09:30:00,,
2022-02-28 14:07:44,2022-03-01 14:09:14,,
2022-03-01 11:45:47,2022-03-02 11:47:22,2022-03-02 11:03:15,
2022-03-02 09:43:37,2022-03-03 09:43:43,,
2022-03-03 09:30:43,2022-03-04 09:30:56,,
2022-03-04 09:29:59,2022-03-07 09:29:57,,
2022-03-07 11:54:23,2022-03-08 11:54:46,,
2022-03-08 12:18:23,2022-03-09 12:18:53,2022-03-08 15:48:18,
2022-03-08 13:58:29,2022-03-09 13:59:52,,
2022-03-08 15:57:07,2022-03-09 15:57:27,2022-03-09 09:30:00,
2022-03-09 09:30:00,2022-03-10 09:30:00,,
2022-03-10 09:30:00,2022-03-11 09:30:00,,
2022-03-11 09:30:00,2022-03-14 09:30:00,,
2022-03-11 15:32:58,2022-03-14 09:30:00,,
2022-03-14 13:39:56,2022-03-15 13:43:01,,
2022-03-15 11:45:44,2022-03-16 11:49:01,,2022-03-16 09:33:09
2022-03-16 08:13:01,2022-03-17 09:30:00,,
2022-03-16 14:11:34,2022-03-17 14:11:43,2022-03-16 15:59:11,
2022-03-16 15:21:03,2022-03-17 15:21:19,,2022-03-17 13:26:27
2022-03-17 12:23:11,2022-03-18 12:26:50,,
2022-03-21 09:30:08,2022-03-22 09:30:39,,
2022-03-22 09:44:50,2022-03-23 09:44:50,,
2022-03-23 13:27:08,2022-03-24 13:27:08,,
2022-03-25 09:29:56,2022-03-28 08:51:21,,
2022-04-22 14:57:24,2022-04-25 09:30:00,,
2022-04-25 09:30:00,2022-04-26 09:30:00,,2022-04-25 10:05:06
2022-04-25 10:05:06,2022-04-26 10:05:20,2022-04-25 14:27:22,
2022-04-25 13:15:59,2022-04-26 13:18:02,,2022-04-25 15:37:31
2022-04-25 15:20:52,2022-04-26 15:20:52,2022-04-26 13:32:17,
2022-04-26 10:42:19,2022-04-27 10:42:37,,2022-04-27 10:30:09
2022-04-26 15:33:51,2022-04-27 15:34:00,,
2022-04-27 10:30:09,2022-04-28 10:31:58,2022-04-27 12:22:09,
2022-04-27 11:32:52,2022-04-28 11:33:22,,
2022-04-27 15:50:27,2022-04-28 15:50:31,2022-04-28 12:41:29,
2022-04-28 12:30:01,2022-04-29 12:33:10,,2022-04-28 15:09:40
2022-04-28 15:09:40,2022-04-29 15:10:38,2022-04-29 09:36:46,
2022-04-29 09:36:46,2022-05-02 08:34:47,,2022-04-29 12:41:53
2022-04-29 10:33:14,2022-05-02 08:34:47,,2022-04-29 15:07:31
2022-04-29 14:40:22,2022-05-02 08:34:47,,2022-04-29 15:54:41
2022-04-29 15:57:39,2022-05-02 08:34:47,,
2022-05-02 10:31:18,2022-05-03 10:31:35,2022-05-02 11:18:13,
2022-05-02 11:18:13,2022-05-03 11:20:39,2022-05-03 10:33:11,2022-05-02 14:15:55
2022-05-05 09:58:01,2022-05-06 09:58:19,,2022-05-05 11:07:50
2022-05-05 11:06:58,2022-05-06 11:07:17,,2022-05-06 09:42:36
2022-05-05 12:02:04,2022-05-06 12:02:19,2022-05-05 13:02:37,
2022-05-05 13:02:37,2022-05-06 13:02:53,,2022-05-05 15:27:41
2022-05-05 15:14:52,2022-05-06 15:14:53,,
2022-05-06 09:44:14,2022-05-09 09:30:00,,
2022-05-06 10:56:04,2022-05-09 09:30:00,,
2022-05-09 09:30:00,2022-05-10 09:30:00,2022-05-09 15:46:07,
2022-05-09 11:30:34,2022-05-10 11:30:50,,
2022-05-09 15:46:57,2022-05-10 15:47:00,2022-05-10 09:30:10,2022-05-10 12:31:22
2022-05-10 09:29:59,2022-05-11 09:30:00,,2022-05-10 10:50:29
2022-05-10 10:41:05,2022-05-11 10:43:44,2022-05-10 12:30:56,
2022-05-10 12:21:28,2022-05-11 12:21:30,2022-05-10 13:49:03,
2022-05-10 13:42:09,2022-05-11 13:43:11,,2022-05-11 10:43:44
2022-05-11 09:49:02,2022-05-12 09:49:07,2022-05-11 13:46:20,
2022-05-11 12:31:02,2022-05-12 12:31:24,,2022-05-11 15:54:10
2022-05-11 13:58:38,2022-05-12 14:00:05,,2022-05-12 13:49:23
2022-05-11 15:50:00,2022-05-12 15:50:00,,2022-05-12 14:10:39
2022-05-12 11:10:00,2022-05-13 11:10:08,2022-05-12 11:50:24,2022-05-13 10:21:07
2022-05-12 11:50:24,2022-05-13 11:51:33,,2022-05-13 08:53:16
2022-05-12 14:39:10,2022-05-13 14:39:24,2022-05-12 15:50:34,
2022-05-12 15:49:08,2022-05-13 15:49:24,,2022-05-13 08:53:16
2022-05-13 08:53:16,2022-05-16 09:30:00,,
2022-05-16 13:11:45,2022-05-17 13:12:30,,
2022-05-17 09:30:00,2022-05-18 09:30:00,,
2022-05-18 09:39:44,2022-05-19 09:40:13,,2022-05-18 11:29:27
2022-05-18 11:29:27,2022-05-19 11:31:06,,2022-05-18 15:25:50
2022-05-18 14:47:58,2022-05-19 14:48:44,,2022-05-19 07:12:07
2022-05-19 07:12:07,2022-05-20 09:30:00,,2022-05-19 15:02:37
2022-05-19 15:02:37,2022-05-20 15:04:11,2022-05-20 11:09:11,
2022-05-20 11:04:59,2022-05-23 09:30:00,2022-05-23 09:30:00,
2022-05-20 15:37:11,2022-05-23 09:30:00,,
2022-05-23 09:30:00,2022-05-24 09:30:00,,
2022-05-23 11:31:49,2022-05-24 11:32:14,2022-05-24 10:19:41,
2022-05-24 10:17:37,2022-05-25 10:18:22,2022-05-24 15:37:59,
2022-05-24 14:38:56,2022-05-25 14:40:33,,
2022-05-25 10:33:55,2022-05-26 10:35:54,,2022-05-26 09:43:29
2022-05-26 09:29:46,2022-05-27 09:30:00,2022-05-27 07:00:01,
2022-05-27 07:00:01,2022-05-31 07:00:00,,2022-05-27 08:39:16
2022-05-27 08:39:16,2022-05-31 07:00:00,2022-05-27 15:08:44,
2022-05-27 15:08:44,2022-05-31 07:00:00,,
2022-06-01 10:08:41,2022-06-02 10:08:47,,
2022-06-02 10:23:54,2022-06-03 10:24:04,2022-06-02 12:34:01,
2022-06-02 12:30:35,2022-06-03 12:31:35,,
2022-06-07 09:30:00,2022-06-08 09:30:00,2022-06-07 14:09:01,
2022-06-07 14:06:17,2022-06-08 14:08:45,,
2022-06-08 13:35:09,2022-06-09 13:37:29,,2022-06-09 10:53:09
2022-06-09 09:32:38,2022-06-10 09:32:39,,2022-06-09 15:44:29
2022-06-09 15:08:42,2022-06-10 15:09:29,,2022-06-10 09:30:00
2022-06-10 09:30:00,2022-06-13 09:30:00,,2022-06-13 09:30:00
2022-06-13 09:30:00,2022-06-14 09:30:00,,2022-06-13 15:41:15
2022-06-13 10:47:29,2022-06-14 10:48:05,,
2022-06-13 12:39:03,2022-06-14 12:40:18,2022-06-13 15:33:01,
2022-06-13 15:33:01,2022-06-14 15:33:15,,
2022-06-14 12:38:14,2022-06-15 12:42:17,,
2022-06-15 09:30:00,2022-06-16 09:30:00,2022-06-15 14:33:17,
2022-06-15 14:06:35,2022-06-16 14:06:49,2022-06-16 09:36:54,2022-06-15 14:44:13
2022-06-15 14:40:59,2022-06-16 14:41:17,,2022-06-16 09:30:00
2022-06-16 09:30:00,2022-06-17 09:30:00,,
2022-06-17 10:33:34,2022-06-21 09:30:00,2022-06-21 09:30:00,
2022-06-17 14:41:08,2022-06-21 09:30:00,,
2022-06-21 09:30:00,2022-06-22 09:30:00,,
2022-06-22 09:30:00,2022-06-23 09:30:00,2022-06-22 11:32:15,
2022-06-22 11:32:15,2022-06-23 11:32:48,,
2022-06-23 12:36:12,2022-06-24 12:38:57,2022-06-24 09:30:00,
2022-06-24 09:30:00,2022-06-27 09:30:00,,2022-06-24 11:41:56
2022-06-24 11:39:37,2022-06-27 09:30:00,,
2022-06-28 09:32:05,2022-06-29 09:32:28,2022-06-28 13:13:17,
2022-06-28 11:55:27,2022-06-29 11:56:04,,
2022-06-29 11:23:09,2022-06-30 11:26:27,,
2022-06-30 09:32:37,2022-07-01 09:33:48,,
2022-06-30 12:32:02,2022-07-01 12:32:56,,
2022-07-01 14:24:14,2022-07-05 09:30:00,,
2022-07-05 09:31:09,2022-07-06 09:32:14,,
2022-07-05 15:07:58,2022-07-06 15:08:17,,
2022-07-07 09:30:12,2022-07-08 09:30:15,,
2022-07-12 09:29:45,2022-07-13 09:30:00,,
2022-07-12 15:36:33,2022-07-13 15:36:57,,
2022-07-13 10:20:08,2022-07-14 10:23:18,2022-07-13 13:02:38,
2022-07-13 13:02:26,2022-07-14 13:03:48,2022-07-14 08:02:20,
2022-07-14 08:02:20,2022-07-15 09:30:00,2022-07-15 09:30:00,
2022-07-14 14:40:31,2022-07-15 14:41:41,,2022-07-15 10:00:10
2022-07-15 09:30:00,2022-07-18 09:30:00,,2022-07-18 09:30:00
2022-07-18 09:30:00,2022-07-19 09:30:00,2022-07-18 15:38:42,
2022-07-18 15:33:26,2022-07-19 15:33:38,2022-07-19 10:20:53,
2022-07-19 09:35:45,2022-07-20 09:35:54,,
2022-07-20 10:53:00,2022-07-21 10:57:36,,
2022-07-21 15:57:34,2022-07-22 15:58:05,,
2022-07-22 14:13:30,2022-07-25 09:30:00,,
2022-07-25 11:35:10,2022-07-26 11:35:17,,
2022-07-27 14:41:13,2022-07-28 14:41:14,,2022-07-28 13:21:48
2022-07-28 11:45:07,2022-07-29 11:45:49,,
2022-07-29 14:08:58,2022-08-01 09:30:00,,
2022-08-02 10:10:24,2022-08-03 10:16:38,,
2022-08-02 12:53:35,2022-08-03 12:53:59,2022-08-02 15:57:58,
2022-08-02 15:55:39,2022-08-03 15:55:39,2022-08-03 15:44:33,
2022-08-03 15:07:50,2022-08-04 15:08:12,,
2022-08-05 09:30:00,2022-08-08 09:30:00,2022-08-08 09:30:00,
2022-09-13 14:11:59,2022-09-14 14:12:01,,2022-09-13 15:33:21
2022-09-13 15:33:21,2022-09-14 15:34:32,,
2022-09-15 15:16:12,2022-09-16 15:16:18,,2022-09-16 09:59:08
2022-09-16 09:31:10,2022-09-19 09:30:00,,
2022-09-19 10:42:30,2022-09-20 10:44:04,2022-09-20 10:25:25,
2022-09-20 09:41:30,2022-09-21 09:41:44,,
2022-09-21 09:30:00,2022-09-22 09:30:00,2022-09-21 14:04:47,
2022-09-21 14:01:02,2022-09-22 14:03:40,2022-09-21 14:44:26,2022-09-21 15:48:31
2022-09-21 14:42:35,2022-09-22 14:44:18,2022-09-21 15:30:04,
2022-09-21 15:10:40,2022-09-22 15:10:51,2022-09-21 15:44:38,
2022-09-21 15:30:35,2022-09-22 15:30:40,,2022-09-22 09:38:18
2022-09-22 09:32:32,2022-09-23 09:32:33,,2022-09-23 09:29:59
2022-09-23 09:29:59,2022-09-26 09:29:59,,2022-09-23 11:46:17
2022-09-23 11:46:17,2022-09-26 09:29:59,,
2022-09-26 10:10:53,2022-09-27 10:11:31,,
2022-09-26 12:28:05,2022-09-27 12:28:30,,
2022-09-27 09:35:43,2022-09-28 09:35:45,2022-09-27 12:02:33,
2022-09-27 11:52:35,2022-09-28 11:52:43,,
2022-09-28 09:51:36,2022-09-29 09:52:27,,2022-09-28 13:15:20
2022-09-28 12:13:05,2022-09-29 12:14:14,2022-09-29 09:45:13,
2022-09-29 09:32:50,2022-09-30 09:33:07,,
2022-09-30 14:42:09,2022-10-03 09:30:00,,
2022-10-03 09:30:00,2022-10-04 09:30:00,2022-10-03 14:04:53,
2022-10-03 10:20:21,2022-10-04 10:21:21,,2022-10-04 09:30:00
2022-10-04 09:30:00,2022-10-05 09:30:00,2022-10-04 15:56:44,
2022-10-05 15:00:11,2022-10-06 15:01:54,,
2022-10-06 14:45:07,2022-10-07 14:46:44,,2022-10-07 09:58:48
2022-10-07 09:47:52,2022-10-10 09:30:00,,
2022-10-10 12:28:17,2022-10-11 12:29:42,,
2022-10-11 12:46:10,2022-10-12 12:47:35,,
2022-10-11 15:15:22,2022-10-12 15:17:08,,
2022-10-13 09:29:59,2022-10-14 09:30:00,2022-10-13 11:06:57,
2022-10-13 10:17:58,2022-10-14 10:19:44,2022-10-13 11:20:35,
2022-10-13 11:17:23,2022-10-14 11:19:12,,2022-10-13 11:40:59
2022-10-13 11:39:16,2022-10-14 11:41:18,,2022-10-14 09:39:24
2022-10-13 14:57:36,2022-10-14 14:57:58,2022-10-14 11:46:00,
2022-10-14 10:11:59,2022-10-17 09:30:00,,
2022-10-17 09:30:11,2022-10-18 09:30:48,2022-10-18 09:30:00,
2022-10-18 09:30:00,2022-10-19 09:30:00,,
2022-10-19 12:47:38,2022-10-20 12:49:18,,
2022-10-20 13:07:58,2022-10-21 13:09:24,2022-10-21 12:49:48,
2022-10-21 10:07:02,2022-10-24 09:30:00,,
2022-10-21 13:47:40,2022-10-24 09:30:00,,
2022-10-24 09:35:39,2022-10-25 09:36:05,,
2022-10-25 09:54:58,2022-10-26 09:55:01,,2022-10-26 09:37:41
2022-10-26 09:31:30,2022-10-27 09:32:17,,
2022-10-27 09:36:11,2022-10-28 09:36:37,,
2022-10-28 10:30:18,2022-10-31 09:30:00,,
2022-11-01 09:30:00,2022-11-02 09:30:00,,
2022-11-02 09:46:49,2022-11-03 09:47:00,2022-11-02 14:01:13,2022-11-02 15:52:26
2022-11-02 14:01:13,2022-11-03 14:01:35,2022-11-02 14:51:12,
2022-11-02 14:37:52,2022-11-03 14:41:22,2022-11-02 15:27:37,
2022-11-02 14:51:10,2022-11-03 14:52:40,,2022-11-02 15:52:26
2022-11-02 15:26:05,2022-11-03 15:28:50,,2022-11-03 09:30:00
2022-11-03 09:30:00,2022-11-04 09:30:00,2022-11-04 09:30:00,
2022-11-03 12:12:58,2022-11-04 12:14:05,,2022-11-04 10:25:07
2022-11-04 09:30:00,2022-11-07 08:45:29,,2022-11-04 12:03:50
2022-11-04 10:41:23,2022-11-07 08:45:29,2022-11-04 11:49:37,
2022-11-04 11:49:37,2022-11-07 08:45:29,,
2022-11-04 15:44:27,2022-11-07 08:45:29,,
2022-11-07 14:28:31,2022-11-08 14:29:12,,2022-11-08 13:10:12
2022-11-08 11:32:42,2022-11-09 11:33:13,2022-11-08 14:26:24,
2022-11-08 14:23:35,2022-11-09 14:24:17,,
2022-11-08 15:30:22,2022-11-09 15:31:04,2022-11-09 10:57:37,
2022-11-09 09:32:32,2022-11-10 09:32:44,2022-11-09 15:48:28,2022-11-10 09:30:00
2022-11-09 13:57:55,2022-11-10 13:58:59,2022-11-10 09:30:00,
2022-11-10 09:30:00,2022-11-11 09:30:00,2022-11-11 09:30:00,
2022-11-10 15:03:41,2022-11-11 15:04:09,,
2022-11-14 10:16:01,2022-11-15 10:17:05,,
2022-11-14 15:55:38,2022-11-15 15:56:37,2022-11-15 09:32:21,
2022-11-15 09:30:19,2022-11-16 09:31:39,,2022-11-15 13:28:46
2022-11-15 13:23:02,2022-11-16 13:26:03,,
2022-11-17 09:30:00,2022-11-18 09:30:00,2022-11-18 09:30:00,
2022-11-18 09:30:00,2022-11-21 09:30:00,,
2022-11-22 09:30:00,2022-11-23 09:30:00,,
2022-11-23 14:27:12,2022-11-25 09:30:00,,
2022-11-28 12:03:43,2022-11-29 12:04:07,,
2022-11-30 10:26:25,2022-12-01 10:27:02,2022-11-30 13:57:48,
2022-11-30 13:39:03,2022-12-01 13:40:23,2022-11-30 15:16:42,
2022-11-30 14:19:29,2022-12-01 14:19:36,,2022-12-01 09:30:00
2022-11-30 15:59:54,2022-12-01 15:59:54,,
2022-12-02 09:29:59,2022-12-05 09:30:00,,2022-12-02 15:03:37
2022-12-02 15:03:26,2022-12-05 09:30:00,,
2022-12-05 09:59:57,2022-12-06 10:01:39,,
2022-12-05 14:41:21,2022-12-06 14:41:53,,2022-12-06 13:26:19
2022-12-06 12:17:38,2022-12-07 12:18:16,,
2022-12-08 09:53:31,2022-12-09 09:54:40,,
2022-12-09 15:51:30,2022-12-12 09:30:00,,
2022-12-12 15:04:59,2022-12-13 15:05:19,,2022-12-13 09:30:00
2022-12-13 09:30:00,2022-12-14 09:30:00,2022-12-13 10:23:42,
2022-12-13 10:24:26,2022-12-14 10:24:28,2022-12-13 12:49:34,
2022-12-13 12:19:35,2022-12-14 12:20:46,,
2022-12-14 10:19:31,2022-12-15 10:21:47,2022-12-14 14:34:06,
2022-12-15 11:15:40,2022-12-16 11:15:55,,2022-12-16 10:08:57
2022-12-16 09:30:17,2022-12-19 09:30:00,,
2022-12-19 13:58:03,2022-12-20 13:58:19,,
2022-12-20 13:38:33,2022-12-21 13:38:57,,2022-12-21 10:39:25
2022-12-21 10:02:07,2022-12-22 10:02:17,,
2022-12-22 09:32:01,2022-12-23 09:32:49,,2022-12-22 12:27:53
2022-12-22 12:28:55,2022-12-23 12:29:25,2022-12-23 09:32:49,
2022-12-22 15:21:11,2022-12-23 15:21:15,,
2022-12-27 10:18:54,2022-12-28 10:20:02,,
2022-12-28 12:04:22,2022-12-29 12:04:34,2022-12-29 10:20:06,
2022-12-29 09:55:42,2022-12-30 09:56:08,,
2022-12-30 09:49:25,2023-01-03 09:30:00,2023-01-03 09:30:00,
2023-01-03 09:30:00,2023-01-04 09:30:00,2023-01-03 12:47:13,
2023-01-03 10:12:37,2023-01-04 10:13:26,,2023-01-04 09:41:20
2023-01-04 09:29:59,2023-01-05 09:29:59,,
2023-01-04 11:31:11,2023-01-05 11:31:19,2023-01-05 09:38:25,
2023-01-05 09:31:46,2023-01-06 09:32:15,,
2023-01-06 09:29:59,2023-01-09 09:30:00,,2023-01-06 11:56:57
2023-01-06 10:36:06,2023-01-09 09:30:00,,2023-01-06 14:55:06
2023-01-06 15:03:36,2023-01-09 09:30:00,,
2023-01-09 11:14:36,2023-01-10 11:16:19,2023-01-09 15:49:08,
2023-01-09 15:30:56,2023-01-10 15:32:10,,
2023-01-11 09:30:00,2023-01-12 09:30:00,,
2023-01-12 09:30:00,2023-01-13 09:30:00,,
2023-01-12 12:16:56,2023-01-13 12:19:13,,
2023-01-13 09:30:00,2023-01-17 09:30:00,2023-01-13 15:10:53,
2023-01-13 13:51:04,2023-01-17 09:30:00,,
2023-01-18 10:56:54,2023-01-19 10:57:26,2023-01-18 13:11:33,
2023-01-18 13:01:29,2023-01-19 13:01:58,,2023-01-19 09:30:00
2023-01-19 09:30:00,2023-01-20 09:30:00,,
2023-01-20 11:29:08,2023-01-23 09:30:00,,
2023-01-20 15:55:03,2023-01-23 09:30:00,,
2023-01-23 11:04:04,2023-01-24 11:04:10,,
2023-01-24 09:40:04,2023-01-25 09:41:14,,
2023-01-25 09:30:00,2023-01-26 09:30:00,2023-01-25 14:15:13,
2023-01-25 13:11:34,2023-01-26 13:14:24,,2023-01-26 09:40:05
2023-01-26 09:31:33,2023-01-27 09:33:13,,
2023-01-26 15:59:40,2023-01-27 15:59:44,,
2023-01-27 15:08:32,2023-01-30 09:30:00,2023-01-30 09:30:00,
2023-01-30 09:30:00,2023-01-31 09:30:00,,
2023-02-02 10:46:51,2023-02-03 10:47:17,2023-02-03 09:30:00,
2023-02-03 09:30:00,2023-02-06 09:30:00,,
2023-02-03 15:00:13,2023-02-06 09:30:00,,
2023-02-06 10:32:17,2023-02-07 10:32:41,,
2023-02-07 12:52:09,2023-02-08 12:53:18,2023-02-07 13:32:26,
2023-02-07 13:30:00,2023-02-08 13:30:10,,2023-02-07 15:40:30
2023-02-07 14:32:50,2023-02-08 14:33:35,,
2023-02-08 11:26:13,2023-02-09 11:27:06,,
2023-02-09 12:39:48,2023-02-10 12:40:46,,2023-02-10 09:41:43
2023-02-10 09:30:00,2023-02-13 09:30:00,,
2023-02-13 09:43:30,2023-02-14 09:45:30,,
2023-02-14 10:02:02,2023-02-15 10:02:36,,2023-02-14 11:30:13
2023-02-14 10:40:08,2023-02-15 10:41:26,,
2023-02-15 15:57:21,2023-02-16 15:57:22,2023-02-16 09:30:00,
2023-02-16 09:30:00,2023-02-17 09:30:00,,
2023-02-16 12:35:45,2023-02-17 12:37:28,2023-02-17 09:30:00,
2023-02-17 09:30:00,2023-02-21 09:30:00,,
2023-02-21 09:30:00,2023-02-22 09:30:00,2023-02-21 13:34:36,
2023-02-21 12:16:14,2023-02-22 12:16:51,,
2023-02-23 09:48:07,2023-02-24 09:48:11,2023-02-23 11:33:29,
2023-02-23 11:27:51,2023-02-24 11:27:55,,
2023-02-23 15:01:22,2023-02-24 15:01:46,2023-02-24 09:30:00,
2023-03-07 11:57:17,2023-03-08 11:58:45,,
2023-03-08 09:38:50,2023-03-09 09:44:56,,
2023-03-09 09:50:34,2023-03-10 09:51:50,2023-03-09 13:01:07,
2023-03-09 13:01:07,2023-03-10 13:03:42,,2023-03-09 14:57:36
2023-03-09 14:52:17,2023-03-10 14:52:36,,2023-03-10 09:31:24
2023-03-10 09:31:24,2023-03-13 09:30:00,,2023-03-10 13:22:31
2023-03-10 10:59:43,2023-03-13 09:30:00,,2023-03-10 13:17:14
2023-03-10 12:10:11,2023-03-13 09:30:00,2023-03-10 13:51:12,
2023-03-10 13:27:20,2023-03-13 09:30:00,,2023-03-13 09:30:00
2023-03-13 09:30:00,2023-03-14 09:30:00,2023-03-13 10:58:12,
2023-03-13 09:52:03,2023-03-14 09:52:55,2023-03-13 11:28:34,
2023-03-13 11:02:41,2023-03-14 11:02:48,2023-03-14 10:48:41,
2023-03-13 13:01:42,2023-03-14 13:01:54,,2023-03-14 09:30:00
2023-03-13 15:57:37,2023-03-14 15:57:46,2023-03-14 09:30:00,
2023-03-14 09:30:00,2023-03-15 09:30:00,,2023-03-14 15:11:28
2023-03-14 13:16:24,2023-03-15 13:16:27,,2023-03-15 10:00:00
2023-03-14 15:59:00,2023-03-15 15:59:00,2023-03-15 09:30:00,
2023-03-15 09:30:00,2023-03-16 09:30:00,,
2023-03-15 14:27:19,2023-03-16 14:28:07,,2023-03-16 11:26:08
2023-03-16 10:53:18,2023-03-17 10:53:44,2023-03-16 12:52:49,
2023-03-16 13:01:13,2023-03-17 13:02:15,2023-03-17 10:24:00,
2023-03-17 10:19:22,2023-03-20 09:29:59,,
2023-03-20 10:00:49,2023-03-21 10:01:43,,2023-03-21 10:00:00
2023-03-21 09:29:59,2023-03-22 09:30:00,,
2023-03-22 15:04:34,2023-03-23 15:04:58,2023-03-22 15:59:51,
2023-03-22 15:51:51,2023-03-23 15:51:53,,2023-03-23 14:34:24
2023-03-23 14:11:52,2023-03-24 14:12:54,,2023-03-24 09:46:41
2023-03-24 09:45:00,2023-03-27 09:30:00,,2023-03-24 14:34:21
2023-03-24 13:26:09,2023-03-27 09:30:00,,
2023-03-27 09:30:00,2023-03-28 09:30:00,2023-03-27 16:00:54,
2023-03-27 16:00:54,2023-03-28 16:04:53,2023-03-28 09:35:44,
2023-03-28 09:35:44,2023-03-29 09:36:04,,
2023-03-29 09:30:00,2023-03-30 09:30:00,,2023-03-30 09:29:59
2023-03-30 09:29:59,2023-03-31 09:30:00,,
2023-03-31 11:18:39,2023-04-03 09:30:00,,
2023-04-04 11:18:05,2023-04-05 11:20:42,,
2023-04-11 09:30:00,2023-04-12 09:30:00,,
2023-04-12 15:15:05,2023-04-13 15:15:13,2023-04-13 14:16:44,
2023-11-03 17:44:48,2023-11-06 09:30:00,,
2023-11-06 09:31:05,2023-11-07 09:32:15,,
2025-04-03 15:17:54,2025-04-04 15:17:59,,2025-04-04 09:30:00
2025-04-04 09:30:00,2025-04-07 08:00:05,,2025-04-04 10:29:39
2025-04-04 10:12:30,2025-04-07 08:00:05,,2025-04-04 12:35:08
2025-04-04 11:04:37,2025-04-07 08:00:05,,2025-04-04 12:18:27
2025-04-04 12:17:43,2025-04-07 08:00:05,,2025-04-04 14:44:11
2025-04-07 08:00:05,2025-04-08 09:30:00,2025-04-07 10:11:21,
2025-04-07 10:00:19,2025-04-08 10:00:37,2025-04-07 10:13:23,
2025-04-07 10:11:39,2025-04-08 10:12:06,2025-04-07 10:17:00,2025-04-07 10:41:42
2025-04-07 10:16:44,2025-04-08 10:17:59,2025-04-07 10:22:22,
2025-04-07 10:22:07,2025-04-08 10:23:09,2025-04-07 10:39:01,
2025-04-07 10:38:11,2025-04-08 10:38:31,2025-04-07 11:02:59,
2025-04-07 10:55:07,2025-04-08 10:55:28,2025-04-08 10:04:10,2025-04-07 11:15:17
2025-04-07 11:14:40,2025-04-08 11:14:56,,2025-04-07 14:22:14
2025-04-07 13:36:40,2025-04-08 13:36:43,,2025-04-08 09:30:00
2025-04-08 09:30:00,2025-04-09 09:30:00,2025-04-08 12:39:34,
2025-04-08 12:38:27,2025-04-09 12:38:51,,2025-04-08 15:10:35
2025-04-08 15:06:57,2025-04-09 15:07:11,2025-04-09 13:20:37,
2025-04-09 13:02:03,2025-04-10 13:02:03,,2025-04-09 13:20:51
2025-04-09 13:19:40,2025-04-10 13:19:49,,2025-04-09 13:23:46
2025-04-09 13:23:46,2025-04-10 13:24:22,2025-04-10 12:22:19,2025-04-09 14:00:16
2025-04-09 14:00:16,2025-04-10 14:01:14,2025-04-10 11:16:21,
2025-04-10 10:12:26,2025-04-11 10:13:32,,
2025-04-10 12:22:19,2025-04-11 12:23:03,,
2025-04-10 14:26:37,2025-04-11 14:27:44,,
2025-04-11 13:43:04,2025-04-14 09:30:00,,
2025-04-16 14:58:24,2025-04-17 15:00:19,,
2025-04-21 10:58:07,2025-04-22 10:59:25,,
2025-04-22 10:09:21,2025-04-23 10:22:38,,2025-04-23 09:32:34
2025-04-23 09:30:00,2025-04-24 09:30:00,,
2025-04-29 10:55:10,2025-04-30 10:56:48,,
2025-04-30 15:53:17,2025-05-01 15:53:19,,
2025-05-02 16:37:45,2025-05-05 09:30:00,,
2025-05-08 11:24:46,2025-05-09 11:27:10,,
2025-05-12 09:30:00,2025-05-13 09:30:00,,
2025-05-16 13:03:18,2025-05-19 08:00:03,,
2025-05-21 13:18:30,2025-05-22 13:18:45,,
2025-05-23 09:30:00,2025-05-27 09:29:59,2025-05-27 09:29:59,
2025-05-27 09:29:59,2025-05-28 09:30:00,,
2025-06-03 11:25:02,2025-06-04 11:26:29,,
2025-06-06 09:38:54,2025-06-09 09:30:00,,
2025-06-10 13:11:38,2025-06-11 13:13:09,,
2025-06-13 14:27:43,2025-06-16 09:30:00,,
